Title,Url,Source.Title,Source.Url
Tools,https://github.com/secretGeek/awesomeCSV#tools,secretGeek/AwesomeCSV: 🕶️A curated list of awesome tools for dealing with CSV.,https://github.com/secretGeek/awesomeCSV#readme
Repair or Validate CSV,https://github.com/secretGeek/awesomeCSV#repair-or-validate-csv,secretGeek/AwesomeCSV: 🕶️A curated list of awesome tools for dealing with CSV.,https://github.com/secretGeek/awesomeCSV#readme
Treat CSV as SQL,https://github.com/secretGeek/awesomeCSV#treat-csv-as-sql,secretGeek/AwesomeCSV: 🕶️A curated list of awesome tools for dealing with CSV.,https://github.com/secretGeek/awesomeCSV#readme
Convert to or from CSV,https://github.com/secretGeek/awesomeCSV#convert-to-or-from-csv,secretGeek/AwesomeCSV: 🕶️A curated list of awesome tools for dealing with CSV.,https://github.com/secretGeek/awesomeCSV#readme
CSV <-> JSON,https://github.com/secretGeek/awesomeCSV#csv---json,secretGeek/AwesomeCSV: 🕶️A curated list of awesome tools for dealing with CSV.,https://github.com/secretGeek/awesomeCSV#readme
Essays,https://github.com/secretGeek/awesomeCSV#essays,secretGeek/AwesomeCSV: 🕶️A curated list of awesome tools for dealing with CSV.,https://github.com/secretGeek/awesomeCSV#readme
Data,https://github.com/secretGeek/awesomeCSV#data,secretGeek/AwesomeCSV: 🕶️A curated list of awesome tools for dealing with CSV.,https://github.com/secretGeek/awesomeCSV#readme
Conferences,https://github.com/secretGeek/awesomeCSV#conferences,secretGeek/AwesomeCSV: 🕶️A curated list of awesome tools for dealing with CSV.,https://github.com/secretGeek/awesomeCSV#readme
Standards,https://github.com/secretGeek/awesomeCSV#standards,secretGeek/AwesomeCSV: 🕶️A curated list of awesome tools for dealing with CSV.,https://github.com/secretGeek/awesomeCSV#readme
META: Other similar lists,https://github.com/secretGeek/awesomeCSV#meta-other-similar-lists,secretGeek/AwesomeCSV: 🕶️A curated list of awesome tools for dealing with CSV.,https://github.com/secretGeek/awesomeCSV#readme
Code of Conduct,https://github.com/secretGeek/awesomeCSV#code-of-conduct,secretGeek/AwesomeCSV: 🕶️A curated list of awesome tools for dealing with CSV.,https://github.com/secretGeek/awesomeCSV#readme
Funtribute,https://github.com/secretGeek/awesomeCSV#funtribute,secretGeek/AwesomeCSV: 🕶️A curated list of awesome tools for dealing with CSV.,https://github.com/secretGeek/awesomeCSV#readme
Footnotes,https://github.com/secretGeek/awesomeCSV#footnotes,secretGeek/AwesomeCSV: 🕶️A curated list of awesome tools for dealing with CSV.,https://github.com/secretGeek/awesomeCSV#readme
NimbleText/Live,https://nimbletext.com/Live,secretGeek/AwesomeCSV: 🕶️A curated list of awesome tools for dealing with CSV.,https://github.com/secretGeek/awesomeCSV#readme
PapaParse,https://www.papaparse.com/,secretGeek/AwesomeCSV: 🕶️A curated list of awesome tools for dealing with CSV.,https://github.com/secretGeek/awesomeCSV#readme
d3-dsv,https://github.com/d3/d3-dsv,secretGeek/AwesomeCSV: 🕶️A curated list of awesome tools for dealing with CSV.,https://github.com/secretGeek/awesomeCSV#readme
CSVKit,https://csvkit.readthedocs.io/,secretGeek/AwesomeCSV: 🕶️A curated list of awesome tools for dealing with CSV.,https://github.com/secretGeek/awesomeCSV#readme
QSV,https://github.com/dathere/qsv,secretGeek/AwesomeCSV: 🕶️A curated list of awesome tools for dealing with CSV.,https://github.com/secretGeek/awesomeCSV#readme
sed (gnu tool),https://www.gnu.org/software/sed/manual/sed.html,secretGeek/AwesomeCSV: 🕶️A curated list of awesome tools for dealing with CSV.,https://github.com/secretGeek/awesomeCSV#readme
gawk (gnu tool),https://www.gnu.org/software/gawk/manual/gawk.html,secretGeek/AwesomeCSV: 🕶️A curated list of awesome tools for dealing with CSV.,https://github.com/secretGeek/awesomeCSV#readme
awk by example,https://github.com/learnbyexample/Command-line-text-processing/blob/master/gnu_awk.md#default-field-separation,secretGeek/AwesomeCSV: 🕶️A curated list of awesome tools for dealing with CSV.,https://github.com/secretGeek/awesomeCSV#readme
Miller,http://johnkerl.org/miller/doc/,secretGeek/AwesomeCSV: 🕶️A curated list of awesome tools for dealing with CSV.,https://github.com/secretGeek/awesomeCSV#readme
ParaText,https://github.com/wiseio/paratext,secretGeek/AwesomeCSV: 🕶️A curated list of awesome tools for dealing with CSV.,https://github.com/secretGeek/awesomeCSV#readme
CSVGet,http://github.com/fizx/csvget/tree/master,secretGeek/AwesomeCSV: 🕶️A curated list of awesome tools for dealing with CSV.,https://github.com/secretGeek/awesomeCSV#readme
CSVfix,https://code.google.com/p/csvfix/,secretGeek/AwesomeCSV: 🕶️A curated list of awesome tools for dealing with CSV.,https://github.com/secretGeek/awesomeCSV#readme
Tad,https://www.tadviewer.com/,secretGeek/AwesomeCSV: 🕶️A curated list of awesome tools for dealing with CSV.,https://github.com/secretGeek/awesomeCSV#readme
csvtodashboard,https://csvtodashboard.com/,secretGeek/AwesomeCSV: 🕶️A curated list of awesome tools for dealing with CSV.,https://github.com/secretGeek/awesomeCSV#readme
Nvd3-tags,http://blog.tryolabs.com/2015/02/27/nvd3-tags-a-tiny-library-for-making-charts-from-csv-data/,secretGeek/AwesomeCSV: 🕶️A curated list of awesome tools for dealing with CSV.,https://github.com/secretGeek/awesomeCSV#readme
Powershell: Import-CSV,https://docs.microsoft.com/en-us/powershell/module/microsoft.powershell.utility/import-csv,secretGeek/AwesomeCSV: 🕶️A curated list of awesome tools for dealing with CSV.,https://github.com/secretGeek/awesomeCSV#readme
CSV Tools,https://onlinecsvtools.com/,secretGeek/AwesomeCSV: 🕶️A curated list of awesome tools for dealing with CSV.,https://github.com/secretGeek/awesomeCSV#readme
graph-cli,https://github.com/mcastorina/graph-cli,secretGeek/AwesomeCSV: 🕶️A curated list of awesome tools for dealing with CSV.,https://github.com/secretGeek/awesomeCSV#readme
CSV to SQL,http://www.convertcsv.com/csv-to-sql.htm,secretGeek/AwesomeCSV: 🕶️A curated list of awesome tools for dealing with CSV.,https://github.com/secretGeek/awesomeCSV#readme
C#: kbCSV,https://github.com/kentcb/KBCsv/blob/master/README.md,secretGeek/AwesomeCSV: 🕶️A curated list of awesome tools for dealing with CSV.,https://github.com/secretGeek/awesomeCSV#readme
csvprintf,https://github.com/archiecobbs/csvprintf,secretGeek/AwesomeCSV: 🕶️A curated list of awesome tools for dealing with CSV.,https://github.com/secretGeek/awesomeCSV#readme
Ron's Data Edit,https://www.ronsplace.eu/Products/RonsDataEdit,secretGeek/AwesomeCSV: 🕶️A curated list of awesome tools for dealing with CSV.,https://github.com/secretGeek/awesomeCSV#readme
Rainbow CSV plugins,https://github.com/mechatroner/rainbow_csv#rainbow-csv-in-other-editors,secretGeek/AwesomeCSV: 🕶️A curated list of awesome tools for dealing with CSV.,https://github.com/secretGeek/awesomeCSV#readme
Atom,https://atom.io/packages/rainbow-csv,secretGeek/AwesomeCSV: 🕶️A curated list of awesome tools for dealing with CSV.,https://github.com/secretGeek/awesomeCSV#readme
Sublime Text,https://packagecontrol.io/packages/rainbow_csv,secretGeek/AwesomeCSV: 🕶️A curated list of awesome tools for dealing with CSV.,https://github.com/secretGeek/awesomeCSV#readme
ExtendsClass,https://extendsclass.com/csv-diff.html,secretGeek/AwesomeCSV: 🕶️A curated list of awesome tools for dealing with CSV.,https://github.com/secretGeek/awesomeCSV#readme
Mighty Merge,https://mightymerge.io/,secretGeek/AwesomeCSV: 🕶️A curated list of awesome tools for dealing with CSV.,https://github.com/secretGeek/awesomeCSV#readme
Modern CSV,https://www.moderncsv.com/,secretGeek/AwesomeCSV: 🕶️A curated list of awesome tools for dealing with CSV.,https://github.com/secretGeek/awesomeCSV#readme
Data Wrangler,https://github.com/microsoft/vscode-data-wrangler,secretGeek/AwesomeCSV: 🕶️A curated list of awesome tools for dealing with CSV.,https://github.com/secretGeek/awesomeCSV#readme
CSV to SQL,https://monapdx.github.io/Frontend-Widgets/csv-to-sql.html,secretGeek/AwesomeCSV: 🕶️A curated list of awesome tools for dealing with CSV.,https://github.com/secretGeek/awesomeCSV#readme
SmoothCSV,https://smoothcsv.com/,secretGeek/AwesomeCSV: 🕶️A curated list of awesome tools for dealing with CSV.,https://github.com/secretGeek/awesomeCSV#readme
Csvlint.go,https://github.com/Clever/csvlint,secretGeek/AwesomeCSV: 🕶️A curated list of awesome tools for dealing with CSV.,https://github.com/secretGeek/awesomeCSV#readme
csvstudio,http://www.csvstudio.com/,secretGeek/AwesomeCSV: 🕶️A curated list of awesome tools for dealing with CSV.,https://github.com/secretGeek/awesomeCSV#readme
scrubcsv,https://github.com/faradayio/scrubcsv,secretGeek/AwesomeCSV: 🕶️A curated list of awesome tools for dealing with CSV.,https://github.com/secretGeek/awesomeCSV#readme
reconcile-csv,https://github.com/OpenRefine/reconcile-csv/blob/master/README.md,secretGeek/AwesomeCSV: 🕶️A curated list of awesome tools for dealing with CSV.,https://github.com/secretGeek/awesomeCSV#readme
,https://github.com/secretGeek/awesomeCSV#generate-table-schema,secretGeek/AwesomeCSV: 🕶️A curated list of awesome tools for dealing with CSV.,https://github.com/secretGeek/awesomeCSV#readme
CSV Schema,https://csv-schema.surge.sh/,secretGeek/AwesomeCSV: 🕶️A curated list of awesome tools for dealing with CSV.,https://github.com/secretGeek/awesomeCSV#readme
TextQL,http://dinedal.github.io/textql/,secretGeek/AwesomeCSV: 🕶️A curated list of awesome tools for dealing with CSV.,https://github.com/secretGeek/awesomeCSV#readme
Datasette Facets,https://simonwillison.net/2018/May/20/datasette-facets/,secretGeek/AwesomeCSV: 🕶️A curated list of awesome tools for dealing with CSV.,https://github.com/secretGeek/awesomeCSV#readme
q,https://harelba.github.io/q/,secretGeek/AwesomeCSV: 🕶️A curated list of awesome tools for dealing with CSV.,https://github.com/secretGeek/awesomeCSV#readme
RBQL,https://rbql.org/,secretGeek/AwesomeCSV: 🕶️A curated list of awesome tools for dealing with CSV.,https://github.com/secretGeek/awesomeCSV#readme
PSKit Query,https://github.com/dfinke/PSKit#sql-query,secretGeek/AwesomeCSV: 🕶️A curated list of awesome tools for dealing with CSV.,https://github.com/secretGeek/awesomeCSV#readme
CSV to Table,https://github.com/vividvilla/csvtotable,secretGeek/AwesomeCSV: 🕶️A curated list of awesome tools for dealing with CSV.,https://github.com/secretGeek/awesomeCSV#readme
Agnes,http://www.secretgeek.net/agnes/twoWay.html,secretGeek/AwesomeCSV: 🕶️A curated list of awesome tools for dealing with CSV.,https://github.com/secretGeek/awesomeCSV#readme
csv2json,https://www.csvjson.com/csv2json,secretGeek/AwesomeCSV: 🕶️A curated list of awesome tools for dealing with CSV.,https://github.com/secretGeek/awesomeCSV#readme
csv-to-json,https://mango-is.com/tools/csv-to-json/,secretGeek/AwesomeCSV: 🕶️A curated list of awesome tools for dealing with CSV.,https://github.com/secretGeek/awesomeCSV#readme
Thinking about CSV,https://blog.datacite.org/thinking-about-csv/,secretGeek/AwesomeCSV: 🕶️A curated list of awesome tools for dealing with CSV.,https://github.com/secretGeek/awesomeCSV#readme
In Praise of CSV,https://usopendata.org/2015/03/10/csv,secretGeek/AwesomeCSV: 🕶️A curated list of awesome tools for dealing with CSV.,https://github.com/secretGeek/awesomeCSV#readme
Stop Rolling Your Own CSV Parser!,http://www.secretgeek.net/csv_trouble,secretGeek/AwesomeCSV: 🕶️A curated list of awesome tools for dealing with CSV.,https://github.com/secretGeek/awesomeCSV#readme
So You Want To Write Your Own CSV code?,http://thomasburette.com/blog/2014/05/25/so-you-want-to-write-your-own-CSV-code/,secretGeek/AwesomeCSV: 🕶️A curated list of awesome tools for dealing with CSV.,https://github.com/secretGeek/awesomeCSV#readme
Falsehoods Programmers Believe About CSVs,https://donatstudios.com/Falsehoods-Programmers-Believe-About-CSVs,secretGeek/AwesomeCSV: 🕶️A curated list of awesome tools for dealing with CSV.,https://github.com/secretGeek/awesomeCSV#readme
ASCII Delimited Text - Not CSV or TAB delimited text,https://ronaldduncan.wordpress.com/2009/10/31/text-file-formats-ascii-delimited-text-not-csv-or-tab-delimited-text/,secretGeek/AwesomeCSV: 🕶️A curated list of awesome tools for dealing with CSV.,https://github.com/secretGeek/awesomeCSV#readme
,https://github.com/secretGeek/awesomeCSV#generate-data,secretGeek/AwesomeCSV: 🕶️A curated list of awesome tools for dealing with CSV.,https://github.com/secretGeek/awesomeCSV#readme
Fake Name Generator,https://www.fakenamegenerator.com/order.php,secretGeek/AwesomeCSV: 🕶️A curated list of awesome tools for dealing with CSV.,https://github.com/secretGeek/awesomeCSV#readme
Mockium,https://softwium.com/mockium/,secretGeek/AwesomeCSV: 🕶️A curated list of awesome tools for dealing with CSV.,https://github.com/secretGeek/awesomeCSV#readme
Mockaroo,https://www.mockaroo.com/,secretGeek/AwesomeCSV: 🕶️A curated list of awesome tools for dealing with CSV.,https://github.com/secretGeek/awesomeCSV#readme
US Data.gov,https://catalog.data.gov/dataset?res_format=CSV,secretGeek/AwesomeCSV: 🕶️A curated list of awesome tools for dealing with CSV.,https://github.com/secretGeek/awesomeCSV#readme
Australian Government Open Data,https://data.gov.au/dataset?res_format=CSV,secretGeek/AwesomeCSV: 🕶️A curated list of awesome tools for dealing with CSV.,https://github.com/secretGeek/awesomeCSV#readme
Reference data in csv,https://datahub.io/collections/reference-data,secretGeek/AwesomeCSV: 🕶️A curated list of awesome tools for dealing with CSV.,https://github.com/secretGeek/awesomeCSV#readme
awesome-public-datasets,https://github.com/awesomedata/awesome-public-datasets,secretGeek/AwesomeCSV: 🕶️A curated list of awesome tools for dealing with CSV.,https://github.com/secretGeek/awesomeCSV#readme
United Nations data,https://data.un.org/,secretGeek/AwesomeCSV: 🕶️A curated list of awesome tools for dealing with CSV.,https://github.com/secretGeek/awesomeCSV#readme
"csv,conf",https://csvconf.com/,secretGeek/AwesomeCSV: 🕶️A curated list of awesome tools for dealing with CSV.,https://github.com/secretGeek/awesomeCSV#readme
RFC 4180,https://tools.ietf.org/html/rfc4180,secretGeek/AwesomeCSV: 🕶️A curated list of awesome tools for dealing with CSV.,https://github.com/secretGeek/awesomeCSV#readme
html version,http://www.faqs.org/rfcs/rfc4180.html,secretGeek/AwesomeCSV: 🕶️A curated list of awesome tools for dealing with CSV.,https://github.com/secretGeek/awesomeCSV#readme
Definition of the CSV Format,https://tools.ietf.org/html/rfc4180#section-2,secretGeek/AwesomeCSV: 🕶️A curated list of awesome tools for dealing with CSV.,https://github.com/secretGeek/awesomeCSV#readme
MIME Type Registration of text/csv,https://tools.ietf.org/html/rfc4180#section-3,secretGeek/AwesomeCSV: 🕶️A curated list of awesome tools for dealing with CSV.,https://github.com/secretGeek/awesomeCSV#readme
W3C: Model for Tabular Data and Metadata on the Web,https://www.w3.org/TR/tabular-data-model/,secretGeek/AwesomeCSV: 🕶️A curated list of awesome tools for dealing with CSV.,https://github.com/secretGeek/awesomeCSV#readme
CSV Schema Language,http://digital-preservation.github.io/csv-schema/csv-schema-1.2.html,secretGeek/AwesomeCSV: 🕶️A curated list of awesome tools for dealing with CSV.,https://github.com/secretGeek/awesomeCSV#readme
"csv,specs",https://github.com/csvspecs,secretGeek/AwesomeCSV: 🕶️A curated list of awesome tools for dealing with CSV.,https://github.com/secretGeek/awesomeCSV#readme
Tabular Data Resource,http://frictionlessdata.io/specs/tabular-data-resource/,secretGeek/AwesomeCSV: 🕶️A curated list of awesome tools for dealing with CSV.,https://github.com/secretGeek/awesomeCSV#readme
Data Resource,http://frictionlessdata.io/specs/data-resource/,secretGeek/AwesomeCSV: 🕶️A curated list of awesome tools for dealing with CSV.,https://github.com/secretGeek/awesomeCSV#readme
CSVY,https://github.com/csvy/csvy.github.io/blob/master/index.md,secretGeek/AwesomeCSV: 🕶️A curated list of awesome tools for dealing with CSV.,https://github.com/secretGeek/awesomeCSV#readme
structured-text-tools,https://github.com/dbohdan/structured-text-tools,secretGeek/AwesomeCSV: 🕶️A curated list of awesome tools for dealing with CSV.,https://github.com/secretGeek/awesomeCSV#readme
META-META,https://raw.githubusercontent.com/secretGeek/AwesomeCSV/master/awesomecsv.csv,secretGeek/AwesomeCSV: 🕶️A curated list of awesome tools for dealing with CSV.,https://github.com/secretGeek/awesomeCSV#readme
META-META-META,https://nimbletext.com/Live/-971009575/,secretGeek/AwesomeCSV: 🕶️A curated list of awesome tools for dealing with CSV.,https://github.com/secretGeek/awesomeCSV#readme
Code of Conduct,https://github.com/secretGeek/AwesomeCSV/blob/master/code-of-conduct.md,secretGeek/AwesomeCSV: 🕶️A curated list of awesome tools for dealing with CSV.,https://github.com/secretGeek/awesomeCSV#readme
Oscean,https://wiki.xxiivv.com/site/home.html,lyz-code/best-of-digital-gardens: Ranked list of awesome digital gardens / second brains,https://github.com/lyz-code/best-of-digital-gardens
```````````````````````````,https://github.com/lyz-code/best-of-digital-gardens/blob/main,lyz-code/best-of-digital-gardens: Ranked list of awesome digital gardens / second brains,https://github.com/lyz-code/best-of-digital-gardens
Xinyang YU - 🥷🏻🌳🍃 Computer Science & Thinkering Garden,https://notes.yxy.ninja/,lyz-code/best-of-digital-gardens: Ranked list of awesome digital gardens / second brains,https://github.com/lyz-code/best-of-digital-gardens
,https://raw.githubusercontent.com/lyz-code/best-of-digital-gardens/main/.icons/programming.png,lyz-code/best-of-digital-gardens: Ranked list of awesome digital gardens / second brains,https://github.com/lyz-code/best-of-digital-gardens
,https://raw.githubusercontent.com/lyz-code/best-of-digital-gardens/main/.icons/science.png,lyz-code/best-of-digital-gardens: Ranked list of awesome digital gardens / second brains,https://github.com/lyz-code/best-of-digital-gardens
,https://raw.githubusercontent.com/lyz-code/best-of-digital-gardens/main/.icons/time-management.png,lyz-code/best-of-digital-gardens: Ranked list of awesome digital gardens / second brains,https://github.com/lyz-code/best-of-digital-gardens
,https://raw.githubusercontent.com/lyz-code/best-of-digital-gardens/main/.icons/linux.png,lyz-code/best-of-digital-gardens: Ranked list of awesome digital gardens / second brains,https://github.com/lyz-code/best-of-digital-gardens
Craft Engineer,https://craftengineer.com/,lyz-code/best-of-digital-gardens: Ranked list of awesome digital gardens / second brains,https://github.com/lyz-code/best-of-digital-gardens
Derelict garden,https://derelict.garden/,lyz-code/best-of-digital-gardens: Ranked list of awesome digital gardens / second brains,https://github.com/lyz-code/best-of-digital-gardens
Paweł Cisło,https://pawelcislo.com/knowledge/digital-garden/,lyz-code/best-of-digital-gardens: Ranked list of awesome digital gardens / second brains,https://github.com/lyz-code/best-of-digital-gardens
,https://raw.githubusercontent.com/lyz-code/best-of-digital-gardens/main/.icons/python.png,lyz-code/best-of-digital-gardens: Ranked list of awesome digital gardens / second brains,https://github.com/lyz-code/best-of-digital-gardens
,https://raw.githubusercontent.com/lyz-code/best-of-digital-gardens/main/.icons/cardiogram.png,lyz-code/best-of-digital-gardens: Ranked list of awesome digital gardens / second brains,https://github.com/lyz-code/best-of-digital-gardens
,https://raw.githubusercontent.com/lyz-code/best-of-digital-gardens/main/.icons/tools.png,lyz-code/best-of-digital-gardens: Ranked list of awesome digital gardens / second brains,https://github.com/lyz-code/best-of-digital-gardens
Giant Robots Smashing Into Other Giant Robots,https://thoughtbot.com/blog,lyz-code/best-of-digital-gardens: Ranked list of awesome digital gardens / second brains,https://github.com/lyz-code/best-of-digital-gardens
swyx.io ideas,https://www.swyx.io/ideas/?show=Essays,lyz-code/best-of-digital-gardens: Ranked list of awesome digital gardens / second brains,https://github.com/lyz-code/best-of-digital-gardens
100 Rabbits,https://100r.co/site/home.html,lyz-code/best-of-digital-gardens: Ranked list of awesome digital gardens / second brains,https://github.com/lyz-code/best-of-digital-gardens
Project Delta - one bit better,https://selimslab.github.io/,lyz-code/best-of-digital-gardens: Ranked list of awesome digital gardens / second brains,https://github.com/lyz-code/best-of-digital-gardens
Gavin Arturo Gamboa 🌱☁️✨ gavart.ist,https://gavart.ist/,lyz-code/best-of-digital-gardens: Ranked list of awesome digital gardens / second brains,https://github.com/lyz-code/best-of-digital-gardens
Digital Swamp - pa0,https://paologabriel.com/,lyz-code/best-of-digital-gardens: Ranked list of awesome digital gardens / second brains,https://github.com/lyz-code/best-of-digital-gardens
Hermitage,https://hermitage.utsob.me/,lyz-code/best-of-digital-gardens: Ranked list of awesome digital gardens / second brains,https://github.com/lyz-code/best-of-digital-gardens
The Blue Book,https://lyz-code.github.io/blue-book,lyz-code/best-of-digital-gardens: Ranked list of awesome digital gardens / second brains,https://github.com/lyz-code/best-of-digital-gardens
,https://raw.githubusercontent.com/lyz-code/best-of-digital-gardens/main/.icons/activism.png,lyz-code/best-of-digital-gardens: Ranked list of awesome digital gardens / second brains,https://github.com/lyz-code/best-of-digital-gardens
,https://raw.githubusercontent.com/lyz-code/best-of-digital-gardens/main/.icons/antifascism.png,lyz-code/best-of-digital-gardens: Ranked list of awesome digital gardens / second brains,https://github.com/lyz-code/best-of-digital-gardens
,https://raw.githubusercontent.com/lyz-code/best-of-digital-gardens/main/.icons/feminism.png,lyz-code/best-of-digital-gardens: Ranked list of awesome digital gardens / second brains,https://github.com/lyz-code/best-of-digital-gardens
Andrew Zappella,https://github.com/azappella/knowledge,lyz-code/best-of-digital-gardens: Ranked list of awesome digital gardens / second brains,https://github.com/lyz-code/best-of-digital-gardens
Bruno Coimbra,https://wiki.metaphoric.dev/,lyz-code/best-of-digital-gardens: Ranked list of awesome digital gardens / second brains,https://github.com/lyz-code/best-of-digital-gardens
David Gasquez,https://publish.obsidian.md/davidgasquez/README,lyz-code/best-of-digital-gardens: Ranked list of awesome digital gardens / second brains,https://github.com/lyz-code/best-of-digital-gardens
E. Ferreira,https://github.com/slowernews/notebook,lyz-code/best-of-digital-gardens: Ranked list of awesome digital gardens / second brains,https://github.com/lyz-code/best-of-digital-gardens
Eyal Levin,https://github.com/eyalev/notes,lyz-code/best-of-digital-gardens: Ranked list of awesome digital gardens / second brains,https://github.com/lyz-code/best-of-digital-gardens
Ezekiel Kigbo,https://github.com/theatlasroom/tidbits,lyz-code/best-of-digital-gardens: Ranked list of awesome digital gardens / second brains,https://github.com/lyz-code/best-of-digital-gardens
Joseph Rex,https://github.com/josephrexme/knowledge,lyz-code/best-of-digital-gardens: Ranked list of awesome digital gardens / second brains,https://github.com/lyz-code/best-of-digital-gardens
Josh Johnston,https://github.com/joshwnj/knowledge,lyz-code/best-of-digital-gardens: Ranked list of awesome digital gardens / second brains,https://github.com/lyz-code/best-of-digital-gardens
Josh Pierro,https://github.com/joshpierro/knowledge,lyz-code/best-of-digital-gardens: Ranked list of awesome digital gardens / second brains,https://github.com/lyz-code/best-of-digital-gardens
Kamil Ronewicz,https://github.com/galileo/knowledge,lyz-code/best-of-digital-gardens: Ranked list of awesome digital gardens / second brains,https://github.com/lyz-code/best-of-digital-gardens
Marc Loupias,https://memo-dev.marc-loupias.fr/,lyz-code/best-of-digital-gardens: Ranked list of awesome digital gardens / second brains,https://github.com/lyz-code/best-of-digital-gardens
Marshall Bowers,https://knowledge.maxdeviant.com/,lyz-code/best-of-digital-gardens: Ranked list of awesome digital gardens / second brains,https://github.com/lyz-code/best-of-digital-gardens
Mathias Borgmalm,https://wiki.mathiasborgmalm.dev/,lyz-code/best-of-digital-gardens: Ranked list of awesome digital gardens / second brains,https://github.com/lyz-code/best-of-digital-gardens
Myles Braithwaite,https://wiki.mylesb.ca/,lyz-code/best-of-digital-gardens: Ranked list of awesome digital gardens / second brains,https://github.com/lyz-code/best-of-digital-gardens
Nikita Voloboev,https://wiki.nikiv.dev/,lyz-code/best-of-digital-gardens: Ranked list of awesome digital gardens / second brains,https://github.com/lyz-code/best-of-digital-gardens
Nimalan aka mark1626,https://mark1626.github.io/knowledge/,lyz-code/best-of-digital-gardens: Ranked list of awesome digital gardens / second brains,https://github.com/lyz-code/best-of-digital-gardens
Omar Bahareth,https://wiki.omar.engineer/,lyz-code/best-of-digital-gardens: Ranked list of awesome digital gardens / second brains,https://github.com/lyz-code/best-of-digital-gardens
Prasanna Loganathar,https://github.com/prasannavl/knowledge,lyz-code/best-of-digital-gardens: Ranked list of awesome digital gardens / second brains,https://github.com/lyz-code/best-of-digital-gardens
PuiMan Cheui,https://wiki.aleen42.com/,lyz-code/best-of-digital-gardens: Ranked list of awesome digital gardens / second brains,https://github.com/lyz-code/best-of-digital-gardens
Rachel Brindle,https://knowledge.rachelbrindle.com/,lyz-code/best-of-digital-gardens: Ranked list of awesome digital gardens / second brains,https://github.com/lyz-code/best-of-digital-gardens
Richard Littauer,https://github.com/RichardLitt/knowledge,lyz-code/best-of-digital-gardens: Ranked list of awesome digital gardens / second brains,https://github.com/lyz-code/best-of-digital-gardens
Simon Vocella,https://github.com/voxsim/knowledge,lyz-code/best-of-digital-gardens: Ranked list of awesome digital gardens / second brains,https://github.com/lyz-code/best-of-digital-gardens
Stephen McAleese,https://directory.stephenmcaleese.com/,lyz-code/best-of-digital-gardens: Ranked list of awesome digital gardens / second brains,https://github.com/lyz-code/best-of-digital-gardens
Yoshua Wuyts,https://github.com/yoshuawuyts/notes,lyz-code/best-of-digital-gardens: Ranked list of awesome digital gardens / second brains,https://github.com/lyz-code/best-of-digital-gardens
Things Learned,https://sunflowerno0b.github.io/ATW/,lyz-code/best-of-digital-gardens: Ranked list of awesome digital gardens / second brains,https://github.com/lyz-code/best-of-digital-gardens
pawamoy's website,https://pawamoy.github.io/,lyz-code/best-of-digital-gardens: Ranked list of awesome digital gardens / second brains,https://github.com/lyz-code/best-of-digital-gardens
Kyle King recipes,https://recipes.kyleking.me/,lyz-code/best-of-digital-gardens: Ranked list of awesome digital gardens / second brains,https://github.com/lyz-code/best-of-digital-gardens
Karlicoss Exobrain,https://beepb00p.xyz/exobrain/,lyz-code/best-of-digital-gardens: Ranked list of awesome digital gardens / second brains,https://github.com/lyz-code/best-of-digital-gardens
Wayanjimmy Notebook,https://notebook.wayanjimmy.xyz/,lyz-code/best-of-digital-gardens: Ranked list of awesome digital gardens / second brains,https://github.com/lyz-code/best-of-digital-gardens
Maggie Appelton,https://maggieappleton.com/garden,lyz-code/best-of-digital-gardens: Ranked list of awesome digital gardens / second brains,https://github.com/lyz-code/best-of-digital-gardens
Scott Spence,https://scottspence.com/posts,lyz-code/best-of-digital-gardens: Ranked list of awesome digital gardens / second brains,https://github.com/lyz-code/best-of-digital-gardens
Maxime Vaillancourt,https://maximevaillancourt.com/notes,lyz-code/best-of-digital-gardens: Ranked list of awesome digital gardens / second brains,https://github.com/lyz-code/best-of-digital-gardens
Gwern Branwen,https://www.gwern.net/,lyz-code/best-of-digital-gardens: Ranked list of awesome digital gardens / second brains,https://github.com/lyz-code/best-of-digital-gardens
Paul Copplestone,https://paul.copplest.one/knowledge/,lyz-code/best-of-digital-gardens: Ranked list of awesome digital gardens / second brains,https://github.com/lyz-code/best-of-digital-gardens
Jethro's Braindump,https://braindump.jethro.dev/,lyz-code/best-of-digital-gardens: Ranked list of awesome digital gardens / second brains,https://github.com/lyz-code/best-of-digital-gardens
Lee Byron,https://leebyron.com/til/,lyz-code/best-of-digital-gardens: Ranked list of awesome digital gardens / second brains,https://github.com/lyz-code/best-of-digital-gardens
Shreyas Minocha’s Wiki,https://wiki.shreyasminocha.me/index.html,lyz-code/best-of-digital-gardens: Ranked list of awesome digital gardens / second brains,https://github.com/lyz-code/best-of-digital-gardens
Michael Lubinsky,https://mlubinsky.github.io/,lyz-code/best-of-digital-gardens: Ranked list of awesome digital gardens / second brains,https://github.com/lyz-code/best-of-digital-gardens
nkintc,https://nkintc.gitbook.io/brainless/,lyz-code/best-of-digital-gardens: Ranked list of awesome digital gardens / second brains,https://github.com/lyz-code/best-of-digital-gardens
Jesse Squires,https://jessesquires.github.io/TIL/,lyz-code/best-of-digital-gardens: Ranked list of awesome digital gardens / second brains,https://github.com/lyz-code/best-of-digital-gardens
The Refined Mind,https://refinedmind.co/digital-garden,lyz-code/best-of-digital-gardens: Ranked list of awesome digital gardens / second brains,https://github.com/lyz-code/best-of-digital-gardens
David Seah,https://davidseah.gitbook.io/davidseah/,lyz-code/best-of-digital-gardens: Ranked list of awesome digital gardens / second brains,https://github.com/lyz-code/best-of-digital-gardens
enkiv2,https://www.lord-enki.net/,lyz-code/best-of-digital-gardens: Ranked list of awesome digital gardens / second brains,https://github.com/lyz-code/best-of-digital-gardens
Robb Knight - The Intersect,https://intersect.rknight.me/,lyz-code/best-of-digital-gardens: Ranked list of awesome digital gardens / second brains,https://github.com/lyz-code/best-of-digital-gardens
Jake Chvatal,https://wiki.jacob.chvatal.com/,lyz-code/best-of-digital-gardens: Ranked list of awesome digital gardens / second brains,https://github.com/lyz-code/best-of-digital-gardens
Simon Willison,https://til.simonwillison.net/,lyz-code/best-of-digital-gardens: Ranked list of awesome digital gardens / second brains,https://github.com/lyz-code/best-of-digital-gardens
Keyvan Akbary,https://keyvanakbary.github.io/learning-notes/,lyz-code/best-of-digital-gardens: Ranked list of awesome digital gardens / second brains,https://github.com/lyz-code/best-of-digital-gardens
Vegard Stikbakke's TILs,https://til.vegardstikbakke.com/,lyz-code/best-of-digital-gardens: Ranked list of awesome digital gardens / second brains,https://github.com/lyz-code/best-of-digital-gardens
Imron Rosyadi,https://irosyadi.gitbook.io/irosyadi/,lyz-code/best-of-digital-gardens: Ranked list of awesome digital gardens / second brains,https://github.com/lyz-code/best-of-digital-gardens
Mineral Existence,https://mineralexistence.com/home.html,lyz-code/best-of-digital-gardens: Ranked list of awesome digital gardens / second brains,https://github.com/lyz-code/best-of-digital-gardens
Kirill Gorbachyonok,https://github.com/japanese-goblinn/knowledge-base,lyz-code/best-of-digital-gardens: Ranked list of awesome digital gardens / second brains,https://github.com/lyz-code/best-of-digital-gardens
whoibrar notes,https://notes.whoibrar.com/,lyz-code/best-of-digital-gardens: Ranked list of awesome digital gardens / second brains,https://github.com/lyz-code/best-of-digital-gardens
The Golden Forest,https://www.lorien.cloud/,lyz-code/best-of-digital-gardens: Ranked list of awesome digital gardens / second brains,https://github.com/lyz-code/best-of-digital-gardens
StrikingLoo (Luciano's Digital Garden),https://strikingloo.github.io/,lyz-code/best-of-digital-gardens: Ranked list of awesome digital gardens / second brains,https://github.com/lyz-code/best-of-digital-gardens
Pensieve,https://paveloom.github.io/pensieve,lyz-code/best-of-digital-gardens: Ranked list of awesome digital gardens / second brains,https://github.com/lyz-code/best-of-digital-gardens
Brandon Boswell,https://brandonkboswell.com/,lyz-code/best-of-digital-gardens: Ranked list of awesome digital gardens / second brains,https://github.com/lyz-code/best-of-digital-gardens
Aizat Faiz,https://www.aizatto.com/,lyz-code/best-of-digital-gardens: Ranked list of awesome digital gardens / second brains,https://github.com/lyz-code/best-of-digital-gardens
Alex Pliutau,https://github.com/plutov/notebook,lyz-code/best-of-digital-gardens: Ranked list of awesome digital gardens / second brains,https://github.com/lyz-code/best-of-digital-gardens
Alper Kanat,https://github.com/tunix/notebook,lyz-code/best-of-digital-gardens: Ranked list of awesome digital gardens / second brains,https://github.com/lyz-code/best-of-digital-gardens
Bhupesh Varshney,https://til.bhupesh.me/,lyz-code/best-of-digital-gardens: Ranked list of awesome digital gardens / second brains,https://github.com/lyz-code/best-of-digital-gardens
Caio Gondim,https://github.com/caiogondim/knowledge,lyz-code/best-of-digital-gardens: Ranked list of awesome digital gardens / second brains,https://github.com/lyz-code/best-of-digital-gardens
.CLI,https://wiki.changbai.li/#/,lyz-code/best-of-digital-gardens: Ranked list of awesome digital gardens / second brains,https://github.com/lyz-code/best-of-digital-gardens
Daniel Schildt,https://github.com/d2s/knowledge,lyz-code/best-of-digital-gardens: Ranked list of awesome digital gardens / second brains,https://github.com/lyz-code/best-of-digital-gardens
Harald O. Bakke,https://hwiki.bakke.be/,lyz-code/best-of-digital-gardens: Ranked list of awesome digital gardens / second brains,https://github.com/lyz-code/best-of-digital-gardens
Junwei Zhao,https://wiki.toozhao.com/#/,lyz-code/best-of-digital-gardens: Ranked list of awesome digital gardens / second brains,https://github.com/lyz-code/best-of-digital-gardens
Manassarn Manoonchai,https://wiki.monosor.com/,lyz-code/best-of-digital-gardens: Ranked list of awesome digital gardens / second brains,https://github.com/lyz-code/best-of-digital-gardens
Mehmet Kanat,https://github.com/mehmetka/notebook,lyz-code/best-of-digital-gardens: Ranked list of awesome digital gardens / second brains,https://github.com/lyz-code/best-of-digital-gardens
Mingyang Li,https://tslmy.gitbook.io/k/,lyz-code/best-of-digital-gardens: Ranked list of awesome digital gardens / second brains,https://github.com/lyz-code/best-of-digital-gardens
Nick S. Plekhanov,https://github.com/nicksp/til,lyz-code/best-of-digital-gardens: Ranked list of awesome digital gardens / second brains,https://github.com/lyz-code/best-of-digital-gardens
Oleh Kuchuk,https://github.com/hzlmn/week-learning,lyz-code/best-of-digital-gardens: Ranked list of awesome digital gardens / second brains,https://github.com/lyz-code/best-of-digital-gardens
Piotr Stojanow,https://wiki.stojanow.com/,lyz-code/best-of-digital-gardens: Ranked list of awesome digital gardens / second brains,https://github.com/lyz-code/best-of-digital-gardens
Sam Yamashita,https://github.com/sotayamashita/knowledge,lyz-code/best-of-digital-gardens: Ranked list of awesome digital gardens / second brains,https://github.com/lyz-code/best-of-digital-gardens
Memento,https://m0wer.github.io/memento/,lyz-code/best-of-digital-gardens: Ranked list of awesome digital gardens / second brains,https://github.com/lyz-code/best-of-digital-gardens
SecretGeek TIL,https://til.secretgeek.net/,lyz-code/best-of-digital-gardens: Ranked list of awesome digital gardens / second brains,https://github.com/lyz-code/best-of-digital-gardens
purarues exobrain,https://purarue.xyz/x/,lyz-code/best-of-digital-gardens: Ranked list of awesome digital gardens / second brains,https://github.com/lyz-code/best-of-digital-gardens
mistermicheels learning notes,https://learning-notes.mistermicheels.com/about/about/,lyz-code/best-of-digital-gardens: Ranked list of awesome digital gardens / second brains,https://github.com/lyz-code/best-of-digital-gardens
(Nick Belzer,https://notes.nickbelzer.me/,lyz-code/best-of-digital-gardens: Ranked list of awesome digital gardens / second brains,https://github.com/lyz-code/best-of-digital-gardens
Edward Wardell-Yerburgh,https://notes.eddyerburgh.me/,lyz-code/best-of-digital-gardens: Ranked list of awesome digital gardens / second brains,https://github.com/lyz-code/best-of-digital-gardens
Nimor's zettelkasten,https://nimor111.github.io/notebook/,lyz-code/best-of-digital-gardens: Ranked list of awesome digital gardens / second brains,https://github.com/lyz-code/best-of-digital-gardens
Believer,https://devlog.willcodefor.beer/,lyz-code/best-of-digital-gardens: Ranked list of awesome digital gardens / second brains,https://github.com/lyz-code/best-of-digital-gardens
Rebeca Sarai,https://rsarai.github.io/,lyz-code/best-of-digital-gardens: Ranked list of awesome digital gardens / second brains,https://github.com/lyz-code/best-of-digital-gardens
Walter Teng,https://walterteng.com/garden,lyz-code/best-of-digital-gardens: Ranked list of awesome digital gardens / second brains,https://github.com/lyz-code/best-of-digital-gardens
Brian Turchyn,https://wiki.brianturchyn.net/,lyz-code/best-of-digital-gardens: Ranked list of awesome digital gardens / second brains,https://github.com/lyz-code/best-of-digital-gardens
Declan Chidlow,https://vale.rocks/,lyz-code/best-of-digital-gardens: Ranked list of awesome digital gardens / second brains,https://github.com/lyz-code/best-of-digital-gardens
Yarden Zamir - an open sourced 🧠,https://www.yarden-zamir.com/,lyz-code/best-of-digital-gardens: Ranked list of awesome digital gardens / second brains,https://github.com/lyz-code/best-of-digital-gardens
,https://www.mkdocs.org/user-guide/configuration/#plugins,mkdocs/catalog: :trophy: A list of awesome MkDocs projects and plugins.,https://github.com/mkdocs/catalog
,https://github.com/mkdocs/catalog#-code-execution-variables--templating,mkdocs/catalog: :trophy: A list of awesome MkDocs projects and plugins.,https://github.com/mkdocs/catalog
,https://github.com/mkdocs/catalog#contents,mkdocs/catalog: :trophy: A list of awesome MkDocs projects and plugins.,https://github.com/mkdocs/catalog
macros,https://github.com/fralau/mkdocs-macros-plugin,mkdocs/catalog: :trophy: A list of awesome MkDocs projects and plugins.,https://github.com/mkdocs/catalog
MIT,http://bit.ly/34MBwT8,mkdocs/catalog: :trophy: A list of awesome MkDocs projects and plugins.,https://github.com/mkdocs/catalog
,https://pypi.org/project/mkdocs-macros-plugin,mkdocs/catalog: :trophy: A list of awesome MkDocs projects and plugins.,https://github.com/mkdocs/catalog
mkdocs-jupyter,https://github.com/danielfrg/mkdocs-jupyter,mkdocs/catalog: :trophy: A list of awesome MkDocs projects and plugins.,https://github.com/mkdocs/catalog
,https://pypi.org/project/mkdocs-jupyter,mkdocs/catalog: :trophy: A list of awesome MkDocs projects and plugins.,https://github.com/mkdocs/catalog
markdown-exec,https://github.com/pawamoy/markdown-exec,mkdocs/catalog: :trophy: A list of awesome MkDocs projects and plugins.,https://github.com/mkdocs/catalog
,https://pypi.org/project/markdown-exec,mkdocs/catalog: :trophy: A list of awesome MkDocs projects and plugins.,https://github.com/mkdocs/catalog
mknotebooks,https://github.com/greenape/mknotebooks,mkdocs/catalog: :trophy: A list of awesome MkDocs projects and plugins.,https://github.com/mkdocs/catalog
,https://pypi.org/project/mknotebooks,mkdocs/catalog: :trophy: A list of awesome MkDocs projects and plugins.,https://github.com/mkdocs/catalog
gen-files,https://github.com/oprypin/mkdocs-gen-files,mkdocs/catalog: :trophy: A list of awesome MkDocs projects and plugins.,https://github.com/mkdocs/catalog
,https://pypi.org/project/mkdocs-gen-files,mkdocs/catalog: :trophy: A list of awesome MkDocs projects and plugins.,https://github.com/mkdocs/catalog
markdownextradata,https://github.com/rosscdh/mkdocs-markdownextradata-plugin,mkdocs/catalog: :trophy: A list of awesome MkDocs projects and plugins.,https://github.com/mkdocs/catalog
,https://pypi.org/project/mkdocs-markdownextradata-plugin,mkdocs/catalog: :trophy: A list of awesome MkDocs projects and plugins.,https://github.com/mkdocs/catalog
mkdocs-markmap,https://github.com/markmap/mkdocs_markmap,mkdocs/catalog: :trophy: A list of awesome MkDocs projects and plugins.,https://github.com/mkdocs/catalog
,https://pypi.org/project/mkdocs-markmap,mkdocs/catalog: :trophy: A list of awesome MkDocs projects and plugins.,https://github.com/mkdocs/catalog
meta-manager,https://github.com/timmeinerzhagen/mkdocs-meta-manager,mkdocs/catalog: :trophy: A list of awesome MkDocs projects and plugins.,https://github.com/mkdocs/catalog
,https://pypi.org/project/mkdocs-meta-manager,mkdocs/catalog: :trophy: A list of awesome MkDocs projects and plugins.,https://github.com/mkdocs/catalog
Termynal,https://github.com/termynal/termynal.py,mkdocs/catalog: :trophy: A list of awesome MkDocs projects and plugins.,https://github.com/mkdocs/catalog
,https://pypi.org/project/termynal,mkdocs/catalog: :trophy: A list of awesome MkDocs projects and plugins.,https://github.com/mkdocs/catalog
mkdocs-marimo,https://github.com/marimo-team/mkdocs-marimo,mkdocs/catalog: :trophy: A list of awesome MkDocs projects and plugins.,https://github.com/mkdocs/catalog
,https://pypi.org/project/mkdocs-marimo,mkdocs/catalog: :trophy: A list of awesome MkDocs projects and plugins.,https://github.com/mkdocs/catalog
placeholder,https://github.com/six-two/mkdocs-placeholder-plugin,mkdocs/catalog: :trophy: A list of awesome MkDocs projects and plugins.,https://github.com/mkdocs/catalog
,https://pypi.org/project/mkdocs-placeholder-plugin,mkdocs/catalog: :trophy: A list of awesome MkDocs projects and plugins.,https://github.com/mkdocs/catalog
Entangled,https://github.com/entangled/mkdocs-plugin,mkdocs/catalog: :trophy: A list of awesome MkDocs projects and plugins.,https://github.com/mkdocs/catalog
Apache-2,http://bit.ly/3nYMfla,mkdocs/catalog: :trophy: A list of awesome MkDocs projects and plugins.,https://github.com/mkdocs/catalog
,https://pypi.org/project/mkdocs-entangled-plugin,mkdocs/catalog: :trophy: A list of awesome MkDocs projects and plugins.,https://github.com/mkdocs/catalog
user-defined-values,https://github.com/rahult/mkdocs-user-defined-values,mkdocs/catalog: :trophy: A list of awesome MkDocs projects and plugins.,https://github.com/mkdocs/catalog
,https://pypi.org/project/mkdocs-user-defined-values,mkdocs/catalog: :trophy: A list of awesome MkDocs projects and plugins.,https://github.com/mkdocs/catalog
pheasant,https://github.com/daizutabi/pheasant,mkdocs/catalog: :trophy: A list of awesome MkDocs projects and plugins.,https://github.com/mkdocs/catalog
,https://pypi.org/project/pheasant,mkdocs/catalog: :trophy: A list of awesome MkDocs projects and plugins.,https://github.com/mkdocs/catalog
nbconvert,https://github.com/tanbro/mkdocs-nbconvert,mkdocs/catalog: :trophy: A list of awesome MkDocs projects and plugins.,https://github.com/mkdocs/catalog
BSD-2,http://bit.ly/3rqEWVr,mkdocs/catalog: :trophy: A list of awesome MkDocs projects and plugins.,https://github.com/mkdocs/catalog
,https://pypi.org/project/mkdocs-nbconvert,mkdocs/catalog: :trophy: A list of awesome MkDocs projects and plugins.,https://github.com/mkdocs/catalog
markdown-filter,https://github.com/byrnereese/mkdocs-markdown-filter,mkdocs/catalog: :trophy: A list of awesome MkDocs projects and plugins.,https://github.com/mkdocs/catalog
,https://pypi.org/project/mkdocs-markdown-filter,mkdocs/catalog: :trophy: A list of awesome MkDocs projects and plugins.,https://github.com/mkdocs/catalog
mkjsfiddle,https://github.com/stadiamaps/mkjsfiddle,mkdocs/catalog: :trophy: A list of awesome MkDocs projects and plugins.,https://github.com/mkdocs/catalog
,https://pypi.org/project/mkjsfiddle,mkdocs/catalog: :trophy: A list of awesome MkDocs projects and plugins.,https://github.com/mkdocs/catalog
mkdocs-data-plugin,https://github.com/joapuiib/mkdocs-data-plugin,mkdocs/catalog: :trophy: A list of awesome MkDocs projects and plugins.,https://github.com/mkdocs/catalog
,https://pypi.org/project/mkdocs-data-plugin,mkdocs/catalog: :trophy: A list of awesome MkDocs projects and plugins.,https://github.com/mkdocs/catalog
mkdocs-jupyterlite,https://github.com/NickCrews/mkdocs-jupyterlite,mkdocs/catalog: :trophy: A list of awesome MkDocs projects and plugins.,https://github.com/mkdocs/catalog
,https://pypi.org/project/mkdocs-jupyterlite,mkdocs/catalog: :trophy: A list of awesome MkDocs projects and plugins.,https://github.com/mkdocs/catalog
mkdocs_protobuf,https://github.com/rymurr/mkdocs-protobuf,mkdocs/catalog: :trophy: A list of awesome MkDocs projects and plugins.,https://github.com/mkdocs/catalog
,https://pypi.org/project/mkdocs-protobuf,mkdocs/catalog: :trophy: A list of awesome MkDocs projects and plugins.,https://github.com/mkdocs/catalog
jinja2sandbox,https://github.com/rkoe/mkdocs-jinja2sandbox,mkdocs/catalog: :trophy: A list of awesome MkDocs projects and plugins.,https://github.com/mkdocs/catalog
codeyaml,https://github.com/textileio/mkdocs-codeyaml-plugin,mkdocs/catalog: :trophy: A list of awesome MkDocs projects and plugins.,https://github.com/mkdocs/catalog
,https://pypi.org/project/mkdocs-codeyaml-plugin,mkdocs/catalog: :trophy: A list of awesome MkDocs projects and plugins.,https://github.com/mkdocs/catalog
,https://github.com/mkdocs/catalog#-git-repos--info,mkdocs/catalog: :trophy: A list of awesome MkDocs projects and plugins.,https://github.com/mkdocs/catalog
git-revision-date-localized,https://github.com/timvink/mkdocs-git-revision-date-localized-plugin,mkdocs/catalog: :trophy: A list of awesome MkDocs projects and plugins.,https://github.com/mkdocs/catalog
,https://pypi.org/project/mkdocs-git-revision-date-localized-plugin,mkdocs/catalog: :trophy: A list of awesome MkDocs projects and plugins.,https://github.com/mkdocs/catalog
git-authors,https://github.com/timvink/mkdocs-git-authors-plugin,mkdocs/catalog: :trophy: A list of awesome MkDocs projects and plugins.,https://github.com/mkdocs/catalog
,https://pypi.org/project/mkdocs-git-authors-plugin,mkdocs/catalog: :trophy: A list of awesome MkDocs projects and plugins.,https://github.com/mkdocs/catalog
git-committers-2,https://github.com/ojacques/mkdocs-git-committers-plugin-2,mkdocs/catalog: :trophy: A list of awesome MkDocs projects and plugins.,https://github.com/mkdocs/catalog
,https://pypi.org/project/mkdocs-git-committers-plugin-2,mkdocs/catalog: :trophy: A list of awesome MkDocs projects and plugins.,https://github.com/mkdocs/catalog
git-revision-date,https://github.com/zhaoterryy/mkdocs-git-revision-date-plugin,mkdocs/catalog: :trophy: A list of awesome MkDocs projects and plugins.,https://github.com/mkdocs/catalog
,https://pypi.org/project/mkdocs-git-revision-date-plugin,mkdocs/catalog: :trophy: A list of awesome MkDocs projects and plugins.,https://github.com/mkdocs/catalog
document-dates,https://github.com/jaywhj/mkdocs-document-dates,mkdocs/catalog: :trophy: A list of awesome MkDocs projects and plugins.,https://github.com/mkdocs/catalog
,https://pypi.org/project/mkdocs-document-dates,mkdocs/catalog: :trophy: A list of awesome MkDocs projects and plugins.,https://github.com/mkdocs/catalog
git-committers,https://github.com/byrnereese/mkdocs-git-committers-plugin,mkdocs/catalog: :trophy: A list of awesome MkDocs projects and plugins.,https://github.com/mkdocs/catalog
,https://pypi.org/project/mkdocs-git-committers-plugin,mkdocs/catalog: :trophy: A list of awesome MkDocs projects and plugins.,https://github.com/mkdocs/catalog
mkdocs-git-latest-changes-plugin,https://github.com/tombreit/mkdocs-git-latest-changes-plugin,mkdocs/catalog: :trophy: A list of awesome MkDocs projects and plugins.,https://github.com/mkdocs/catalog
,https://pypi.org/project/mkdocs-git-latest-changes-plugin,mkdocs/catalog: :trophy: A list of awesome MkDocs projects and plugins.,https://github.com/mkdocs/catalog
Github-Links,https://github.com/Python-Markdown/github-links,mkdocs/catalog: :trophy: A list of awesome MkDocs projects and plugins.,https://github.com/mkdocs/catalog
,https://pypi.org/project/mdx-gh-links,mkdocs/catalog: :trophy: A list of awesome MkDocs projects and plugins.,https://github.com/mkdocs/catalog
,https://www.mkdocs.org/user-guide/configuration/#markdown_extensions,mkdocs/catalog: :trophy: A list of awesome MkDocs projects and plugins.,https://github.com/mkdocs/catalog
recently-updated,https://github.com/jaywhj/mkdocs-recently-updated-docs,mkdocs/catalog: :trophy: A list of awesome MkDocs projects and plugins.,https://github.com/mkdocs/catalog
,https://pypi.org/project/mkdocs-recently-updated-docs,mkdocs/catalog: :trophy: A list of awesome MkDocs projects and plugins.,https://github.com/mkdocs/catalog
branchcustomization,https://github.com/effigies/mkdocs-branchcustomization-plugin,mkdocs/catalog: :trophy: A list of awesome MkDocs projects and plugins.,https://github.com/mkdocs/catalog
,https://pypi.org/project/mkdocs-branchcustomization-plugin,mkdocs/catalog: :trophy: A list of awesome MkDocs projects and plugins.,https://github.com/mkdocs/catalog
Github Releaase Changelog,https://github.com/djpugh/mkdocs_github_changelog,mkdocs/catalog: :trophy: A list of awesome MkDocs projects and plugins.,https://github.com/mkdocs/catalog
,https://pypi.org/project/mkdocs-github-changelog,mkdocs/catalog: :trophy: A list of awesome MkDocs projects and plugins.,https://github.com/mkdocs/catalog
git-latest-release,https://github.com/agarthetiger/mkdocs_latest_release_plugin,mkdocs/catalog: :trophy: A list of awesome MkDocs projects and plugins.,https://github.com/mkdocs/catalog
,https://pypi.org/project/mkdocs-latest-release-plugin,mkdocs/catalog: :trophy: A list of awesome MkDocs projects and plugins.,https://github.com/mkdocs/catalog
,https://github.com/mkdocs/catalog#-html-processing--css-styling,mkdocs/catalog: :trophy: A list of awesome MkDocs projects and plugins.,https://github.com/mkdocs/catalog
minify,https://github.com/byrnereese/mkdocs-minify-plugin,mkdocs/catalog: :trophy: A list of awesome MkDocs projects and plugins.,https://github.com/mkdocs/catalog
,https://pypi.org/project/mkdocs-minify-plugin,mkdocs/catalog: :trophy: A list of awesome MkDocs projects and plugins.,https://github.com/mkdocs/catalog
enumerate-headings,https://github.com/timvink/mkdocs-enumerate-headings-plugin,mkdocs/catalog: :trophy: A list of awesome MkDocs projects and plugins.,https://github.com/mkdocs/catalog
,https://pypi.org/project/mkdocs-enumerate-headings-plugin,mkdocs/catalog: :trophy: A list of awesome MkDocs projects and plugins.,https://github.com/mkdocs/catalog
minify-html,https://github.com/monosans/mkdocs-minify-html-plugin,mkdocs/catalog: :trophy: A list of awesome MkDocs projects and plugins.,https://github.com/mkdocs/catalog
,https://pypi.org/project/mkdocs-minify-html-plugin,mkdocs/catalog: :trophy: A list of awesome MkDocs projects and plugins.,https://github.com/mkdocs/catalog
Publisher for MkDocs - social,https://github.com/mkdocs-publisher/mkdocs-publisher,mkdocs/catalog: :trophy: A list of awesome MkDocs projects and plugins.,https://github.com/mkdocs/catalog
,https://pypi.org/project/mkdocs-publisher,mkdocs/catalog: :trophy: A list of awesome MkDocs projects and plugins.,https://github.com/mkdocs/catalog
add-number,https://github.com/ignorantshr/mkdocs-add-number-plugin,mkdocs/catalog: :trophy: A list of awesome MkDocs projects and plugins.,https://github.com/mkdocs/catalog
,https://pypi.org/project/mkdocs-add-number-plugin,mkdocs/catalog: :trophy: A list of awesome MkDocs projects and plugins.,https://github.com/mkdocs/catalog
mkdocs-extra-sass-plugin,https://github.com/orzih/mkdocs-extra-sass-plugin,mkdocs/catalog: :trophy: A list of awesome MkDocs projects and plugins.,https://github.com/mkdocs/catalog
,https://pypi.org/project/mkdocs-extra-sass-plugin,mkdocs/catalog: :trophy: A list of awesome MkDocs projects and plugins.,https://github.com/mkdocs/catalog
mkdocs-link-embeds,https://github.com/Aetherinox/mkdocs-link-embeds,mkdocs/catalog: :trophy: A list of awesome MkDocs projects and plugins.,https://github.com/mkdocs/catalog
,https://pypi.org/project/mkdocs-link-embeds-plugin,mkdocs/catalog: :trophy: A list of awesome MkDocs projects and plugins.,https://github.com/mkdocs/catalog
mkdocs_safe_text,https://github.com/raimon49/mkdocs-safe-text-plugin,mkdocs/catalog: :trophy: A list of awesome MkDocs projects and plugins.,https://github.com/mkdocs/catalog
,https://pypi.org/project/mkdocs-safe-text-plugin,mkdocs/catalog: :trophy: A list of awesome MkDocs projects and plugins.,https://github.com/mkdocs/catalog
bootstrap-tables,https://github.com/byrnereese/mkdocs-bootstrap-tables-plugin,mkdocs/catalog: :trophy: A list of awesome MkDocs projects and plugins.,https://github.com/mkdocs/catalog
,https://pypi.org/project/mkdocs-bootstrap-tables-plugin,mkdocs/catalog: :trophy: A list of awesome MkDocs projects and plugins.,https://github.com/mkdocs/catalog
mkdocs-add-teaser,https://github.com/wilhelmer/mkdocs-add-teaser,mkdocs/catalog: :trophy: A list of awesome MkDocs projects and plugins.,https://github.com/mkdocs/catalog
,https://pypi.org/project/mkdocs-add-teaser,mkdocs/catalog: :trophy: A list of awesome MkDocs projects and plugins.,https://github.com/mkdocs/catalog
toggle-sidebar,https://github.com/six-two/mkdocs-toggle-sidebar-plugin,mkdocs/catalog: :trophy: A list of awesome MkDocs projects and plugins.,https://github.com/mkdocs/catalog
,https://pypi.org/project/mkdocs-toggle-sidebar-plugin,mkdocs/catalog: :trophy: A list of awesome MkDocs projects and plugins.,https://github.com/mkdocs/catalog
mkdocs-ai-summary,https://aiboy996.github.io/mkdocs-ai-summary/,mkdocs/catalog: :trophy: A list of awesome MkDocs projects and plugins.,https://github.com/mkdocs/catalog
,https://github.com/AIboy996/mkdocs-ai-summary,mkdocs/catalog: :trophy: A list of awesome MkDocs projects and plugins.,https://github.com/mkdocs/catalog
,https://pypi.org/project/mkdocs-ai-summary,mkdocs/catalog: :trophy: A list of awesome MkDocs projects and plugins.,https://github.com/mkdocs/catalog
MkDocs Pygments,https://github.com/pawamoy/mkdocs-pygments,mkdocs/catalog: :trophy: A list of awesome MkDocs projects and plugins.,https://github.com/mkdocs/catalog
mk-append-to-head,https://github.com/marcelaodev/mk-append-to-head,mkdocs/catalog: :trophy: A list of awesome MkDocs projects and plugins.,https://github.com/mkdocs/catalog
,https://pypi.org/project/mk-append-to-head,mkdocs/catalog: :trophy: A list of awesome MkDocs projects and plugins.,https://github.com/mkdocs/catalog
docstyler,https://github.com/hfagerlund/mkdocs-docstyler-plugin,mkdocs/catalog: :trophy: A list of awesome MkDocs projects and plugins.,https://github.com/mkdocs/catalog
,https://github.com/mkdocs/catalog#-integrations-with-other-tools,mkdocs/catalog: :trophy: A list of awesome MkDocs projects and plugins.,https://github.com/mkdocs/catalog
MkDocs Swagger UI Tag,https://github.com/blueswen/mkdocs-swagger-ui-tag,mkdocs/catalog: :trophy: A list of awesome MkDocs projects and plugins.,https://github.com/mkdocs/catalog
,https://pypi.org/project/mkdocs-swagger-ui-tag,mkdocs/catalog: :trophy: A list of awesome MkDocs projects and plugins.,https://github.com/mkdocs/catalog
mkdocs-llmstxt,https://github.com/pawamoy/mkdocs-llmstxt,mkdocs/catalog: :trophy: A list of awesome MkDocs projects and plugins.,https://github.com/mkdocs/catalog
,https://pypi.org/project/mkdocs-llmstxt,mkdocs/catalog: :trophy: A list of awesome MkDocs projects and plugins.,https://github.com/mkdocs/catalog
mkdocs-coverage,https://github.com/pawamoy/mkdocs-coverage,mkdocs/catalog: :trophy: A list of awesome MkDocs projects and plugins.,https://github.com/mkdocs/catalog
,https://pypi.org/project/mkdocs-coverage,mkdocs/catalog: :trophy: A list of awesome MkDocs projects and plugins.,https://github.com/mkdocs/catalog
MkDocs asciinema-player,https://github.com/pa-decarvalho/mkdocs-asciinema-player,mkdocs/catalog: :trophy: A list of awesome MkDocs projects and plugins.,https://github.com/mkdocs/catalog
,https://pypi.org/project/mkdocs-asciinema-player,mkdocs/catalog: :trophy: A list of awesome MkDocs projects and plugins.,https://github.com/mkdocs/catalog
mkdocs-render-swagger-plugin,https://github.com/bharel/mkdocs-render-swagger-plugin,mkdocs/catalog: :trophy: A list of awesome MkDocs projects and plugins.,https://github.com/mkdocs/catalog
,https://pypi.org/project/mkdocs-render-swagger-plugin,mkdocs/catalog: :trophy: A list of awesome MkDocs projects and plugins.,https://github.com/mkdocs/catalog
MkDocs Backend for Foliant,https://github.com/foliant-docs/foliantcontrib.mkdocs,mkdocs/catalog: :trophy: A list of awesome MkDocs projects and plugins.,https://github.com/mkdocs/catalog
,https://pypi.org/project/foliantcontrib.mkdocs,mkdocs/catalog: :trophy: A list of awesome MkDocs projects and plugins.,https://github.com/mkdocs/catalog
mkdocs-mcp,https://github.com/ubaumann/mkdocs-mcp,mkdocs/catalog: :trophy: A list of awesome MkDocs projects and plugins.,https://github.com/mkdocs/catalog
,https://pypi.org/project/mkdocs-mcp,mkdocs/catalog: :trophy: A list of awesome MkDocs projects and plugins.,https://github.com/mkdocs/catalog
mkdocs-copy-to-llm,https://github.com/leonardocustodio/mkdocs-copy-to-llm,mkdocs/catalog: :trophy: A list of awesome MkDocs projects and plugins.,https://github.com/mkdocs/catalog
,https://pypi.org/project/mkdocs-copy-to-llm,mkdocs/catalog: :trophy: A list of awesome MkDocs projects and plugins.,https://github.com/mkdocs/catalog
factsheet,https://github.com/inuits/mkdocs-factsheet,mkdocs/catalog: :trophy: A list of awesome MkDocs projects and plugins.,https://github.com/mkdocs/catalog
swagger,https://github.com/allevo/mkdocs-swagger-plugin,mkdocs/catalog: :trophy: A list of awesome MkDocs projects and plugins.,https://github.com/mkdocs/catalog
MkDocs Dependency License Information,https://github.com/djpugh/mkdocs_licenseinfo,mkdocs/catalog: :trophy: A list of awesome MkDocs projects and plugins.,https://github.com/mkdocs/catalog
,https://pypi.org/project/mkdocs-licenseinfo,mkdocs/catalog: :trophy: A list of awesome MkDocs projects and plugins.,https://github.com/mkdocs/catalog
Vercel Password Protection,https://github.com/six-two/mkdocs-vercel-pw-plugin,mkdocs/catalog: :trophy: A list of awesome MkDocs projects and plugins.,https://github.com/mkdocs/catalog
,https://pypi.org/project/mkdocs-vercel-pw-plugin,mkdocs/catalog: :trophy: A list of awesome MkDocs projects and plugins.,https://github.com/mkdocs/catalog
,https://github.com/mkdocs/catalog#-internationalization--localization,mkdocs/catalog: :trophy: A list of awesome MkDocs projects and plugins.,https://github.com/mkdocs/catalog
static-i18n,https://github.com/ultrabug/mkdocs-static-i18n,mkdocs/catalog: :trophy: A list of awesome MkDocs projects and plugins.,https://github.com/mkdocs/catalog
,https://pypi.org/project/mkdocs-static-i18n,mkdocs/catalog: :trophy: A list of awesome MkDocs projects and plugins.,https://github.com/mkdocs/catalog
mkdocs-mdpo,https://github.com/mondeja/mkdocs-mdpo-plugin,mkdocs/catalog: :trophy: A list of awesome MkDocs projects and plugins.,https://github.com/mkdocs/catalog
,https://pypi.org/project/mkdocs-mdpo-plugin,mkdocs/catalog: :trophy: A list of awesome MkDocs projects and plugins.,https://github.com/mkdocs/catalog
Mkdocs translations plugin,https://pypi.org/project/mkdocs-translations/,mkdocs/catalog: :trophy: A list of awesome MkDocs projects and plugins.,https://github.com/mkdocs/catalog
,https://pypi.org/project/mkdocs-translations,mkdocs/catalog: :trophy: A list of awesome MkDocs projects and plugins.,https://github.com/mkdocs/catalog
,https://github.com/mkdocs/catalog#-links--references,mkdocs/catalog: :trophy: A list of awesome MkDocs projects and plugins.,https://github.com/mkdocs/catalog
mkdocs-redirects,https://github.com/mkdocs/mkdocs-redirects,mkdocs/catalog: :trophy: A list of awesome MkDocs projects and plugins.,https://github.com/mkdocs/catalog
,https://pypi.org/project/mkdocs-redirects,mkdocs/catalog: :trophy: A list of awesome MkDocs projects and plugins.,https://github.com/mkdocs/catalog
bibtex,https://github.com/shyamd/mkdocs-bibtex,mkdocs/catalog: :trophy: A list of awesome MkDocs projects and plugins.,https://github.com/mkdocs/catalog
❗️BSD-3-Clause-LBNL,https://tldrlegal.com/search?query=BSD-3-Clause-LBNL,mkdocs/catalog: :trophy: A list of awesome MkDocs projects and plugins.,https://github.com/mkdocs/catalog
,https://pypi.org/project/mkdocs-bibtex,mkdocs/catalog: :trophy: A list of awesome MkDocs projects and plugins.,https://github.com/mkdocs/catalog
htmlproofer,https://github.com/manuzhang/mkdocs-htmlproofer-plugin,mkdocs/catalog: :trophy: A list of awesome MkDocs projects and plugins.,https://github.com/mkdocs/catalog
,https://pypi.org/project/mkdocs-htmlproofer-plugin,mkdocs/catalog: :trophy: A list of awesome MkDocs projects and plugins.,https://github.com/mkdocs/catalog
autorefs,https://github.com/mkdocstrings/autorefs,mkdocs/catalog: :trophy: A list of awesome MkDocs projects and plugins.,https://github.com/mkdocs/catalog
ISC,http://bit.ly/3hkKRql,mkdocs/catalog: :trophy: A list of awesome MkDocs projects and plugins.,https://github.com/mkdocs/catalog
,https://pypi.org/project/mkdocs-autorefs,mkdocs/catalog: :trophy: A list of awesome MkDocs projects and plugins.,https://github.com/mkdocs/catalog
mkdocs-open-in-new-tab,https://github.com/JakubAndrysek/mkdocs-open-in-new-tab,mkdocs/catalog: :trophy: A list of awesome MkDocs projects and plugins.,https://github.com/mkdocs/catalog
,https://pypi.org/project/mkdocs-open-in-new-tab,mkdocs/catalog: :trophy: A list of awesome MkDocs projects and plugins.,https://github.com/mkdocs/catalog
autolinks,https://github.com/zachhannum/mkdocs-autolinks-plugin,mkdocs/catalog: :trophy: A list of awesome MkDocs projects and plugins.,https://github.com/mkdocs/catalog
,https://pypi.org/project/mkdocs-autolinks-plugin,mkdocs/catalog: :trophy: A list of awesome MkDocs projects and plugins.,https://github.com/mkdocs/catalog
mkdocs-site-urls,https://github.com/OctoPrint/mkdocs-site-urls,mkdocs/catalog: :trophy: A list of awesome MkDocs projects and plugins.,https://github.com/mkdocs/catalog
,https://pypi.org/project/mkdocs-site-urls,mkdocs/catalog: :trophy: A list of awesome MkDocs projects and plugins.,https://github.com/mkdocs/catalog
ezlinks,https://github.com/orbikm/mkdocs-ezlinks-plugin,mkdocs/catalog: :trophy: A list of awesome MkDocs projects and plugins.,https://github.com/mkdocs/catalog
,https://pypi.org/project/mkdocs-ezlinks-plugin,mkdocs/catalog: :trophy: A list of awesome MkDocs projects and plugins.,https://github.com/mkdocs/catalog
link-marker,https://github.com/timmeinerzhagen/mkdocs-link-marker,mkdocs/catalog: :trophy: A list of awesome MkDocs projects and plugins.,https://github.com/mkdocs/catalog
,https://pypi.org/project/mkdocs-link-marker,mkdocs/catalog: :trophy: A list of awesome MkDocs projects and plugins.,https://github.com/mkdocs/catalog
ezglossary,https://github.com/realtimeprojects/mkdocs-ezglossary,mkdocs/catalog: :trophy: A list of awesome MkDocs projects and plugins.,https://github.com/mkdocs/catalog
,https://pypi.org/project/mkdocs-ezglossary-plugin,mkdocs/catalog: :trophy: A list of awesome MkDocs projects and plugins.,https://github.com/mkdocs/catalog
mkdocs-alias-plugin,https://github.com/EddyLuten/mkdocs-alias-plugin,mkdocs/catalog: :trophy: A list of awesome MkDocs projects and plugins.,https://github.com/mkdocs/catalog
,https://pypi.org/project/mkdocs-alias-plugin,mkdocs/catalog: :trophy: A list of awesome MkDocs projects and plugins.,https://github.com/mkdocs/catalog
roamlinks,https://github.com/Jackiexiao/mkdocs-roamlinks-plugin,mkdocs/catalog: :trophy: A list of awesome MkDocs projects and plugins.,https://github.com/mkdocs/catalog
,https://pypi.org/project/mkdocs-roamlinks-plugin,mkdocs/catalog: :trophy: A list of awesome MkDocs projects and plugins.,https://github.com/mkdocs/catalog
unused-files,https://github.com/wilhelmer/mkdocs-unused-files,mkdocs/catalog: :trophy: A list of awesome MkDocs projects and plugins.,https://github.com/mkdocs/catalog
,https://pypi.org/project/mkdocs-unused-files,mkdocs/catalog: :trophy: A list of awesome MkDocs projects and plugins.,https://github.com/mkdocs/catalog
Autolink References,https://github.com/theskumar/autolink-references-mkdocs-plugin,mkdocs/catalog: :trophy: A list of awesome MkDocs projects and plugins.,https://github.com/mkdocs/catalog
,https://pypi.org/project/autolink-references-mkdocs-plugin,mkdocs/catalog: :trophy: A list of awesome MkDocs projects and plugins.,https://github.com/mkdocs/catalog
abs-to-rel,https://github.com/sander76/mkdocs-abs-rel-plugin,mkdocs/catalog: :trophy: A list of awesome MkDocs projects and plugins.,https://github.com/mkdocs/catalog
,https://pypi.org/project/mkdocs-abs-rel-plugin,mkdocs/catalog: :trophy: A list of awesome MkDocs projects and plugins.,https://github.com/mkdocs/catalog
Wikilink Plus,https://github.com/neurobin/mdx_wikilink_plus,mkdocs/catalog: :trophy: A list of awesome MkDocs projects and plugins.,https://github.com/mkdocs/catalog
,https://pypi.org/project/mdx-wikilink-plus,mkdocs/catalog: :trophy: A list of awesome MkDocs projects and plugins.,https://github.com/mkdocs/catalog
tooltipster-links,https://github.com/zachhannum/mkdocs-tooltipster-links-plugin,mkdocs/catalog: :trophy: A list of awesome MkDocs projects and plugins.,https://github.com/mkdocs/catalog
,https://pypi.org/project/mkdocs-tooltipster-links-plugin,mkdocs/catalog: :trophy: A list of awesome MkDocs projects and plugins.,https://github.com/mkdocs/catalog
MkDocs Backlinks Section Plugin,https://github.com/six-two/mkdocs-backlinks-section-plugin,mkdocs/catalog: :trophy: A list of awesome MkDocs projects and plugins.,https://github.com/mkdocs/catalog
,https://pypi.org/project/mkdocs-backlinks-section-plugin,mkdocs/catalog: :trophy: A list of awesome MkDocs projects and plugins.,https://github.com/mkdocs/catalog
mkdocs-issues-plugin,https://github.com/mihaigalos/mkdocs-issues-plugin,mkdocs/catalog: :trophy: A list of awesome MkDocs projects and plugins.,https://github.com/mkdocs/catalog
,https://pypi.org/project/mkdocs-issues-plugin,mkdocs/catalog: :trophy: A list of awesome MkDocs projects and plugins.,https://github.com/mkdocs/catalog
ArgRef,https://github.com/rhshadrach/mkdocs-argref-plugin,mkdocs/catalog: :trophy: A list of awesome MkDocs projects and plugins.,https://github.com/mkdocs/catalog
,https://pypi.org/project/mkdocs-argref-plugin,mkdocs/catalog: :trophy: A list of awesome MkDocs projects and plugins.,https://github.com/mkdocs/catalog
webcontext,https://github.com/Darrelk/mkdocs-webcontext-plugin,mkdocs/catalog: :trophy: A list of awesome MkDocs projects and plugins.,https://github.com/mkdocs/catalog
,https://pypi.org/project/mkdocs-webcontext-plugin,mkdocs/catalog: :trophy: A list of awesome MkDocs projects and plugins.,https://github.com/mkdocs/catalog
Mkdocs-Addresses,https://gitlab.com/frederic-zinelli/mkdocs-addresses,mkdocs/catalog: :trophy: A list of awesome MkDocs projects and plugins.,https://github.com/mkdocs/catalog
,https://pypi.org/project/mkdocs-addresses,mkdocs/catalog: :trophy: A list of awesome MkDocs projects and plugins.,https://github.com/mkdocs/catalog
emailprotect,https://github.com/rkoe/mkdocs-emailprotect,mkdocs/catalog: :trophy: A list of awesome MkDocs projects and plugins.,https://github.com/mkdocs/catalog
alternate-link,https://github.com/cmitu/mkdocs-altlink-plugin,mkdocs/catalog: :trophy: A list of awesome MkDocs projects and plugins.,https://github.com/mkdocs/catalog
,https://github.com/mkdocs/catalog#-markdown-extensions,mkdocs/catalog: :trophy: A list of awesome MkDocs projects and plugins.,https://github.com/mkdocs/catalog
PyMdown Extensions,https://github.com/facelessuser/pymdown-extensions,mkdocs/catalog: :trophy: A list of awesome MkDocs projects and plugins.,https://github.com/mkdocs/catalog
,https://pypi.org/project/pymdown-extensions,mkdocs/catalog: :trophy: A list of awesome MkDocs projects and plugins.,https://github.com/mkdocs/catalog
Math extension,https://github.com/mitya57/python-markdown-math,mkdocs/catalog: :trophy: A list of awesome MkDocs projects and plugins.,https://github.com/mkdocs/catalog
,https://pypi.org/project/python-markdown-math,mkdocs/catalog: :trophy: A list of awesome MkDocs projects and plugins.,https://github.com/mkdocs/catalog
mkdocs-callouts,https://github.com/sondregronas/mkdocs-callouts,mkdocs/catalog: :trophy: A list of awesome MkDocs projects and plugins.,https://github.com/mkdocs/catalog
,https://pypi.org/project/mkdocs-callouts,mkdocs/catalog: :trophy: A list of awesome MkDocs projects and plugins.,https://github.com/mkdocs/catalog
markdown-callouts,https://github.com/oprypin/markdown-callouts,mkdocs/catalog: :trophy: A list of awesome MkDocs projects and plugins.,https://github.com/mkdocs/catalog
,https://pypi.org/project/markdown-callouts,mkdocs/catalog: :trophy: A list of awesome MkDocs projects and plugins.,https://github.com/mkdocs/catalog
Mdx Truly Sane Lists,https://github.com/radude/mdx_truly_sane_lists,mkdocs/catalog: :trophy: A list of awesome MkDocs projects and plugins.,https://github.com/mkdocs/catalog
,https://pypi.org/project/mdx-truly-sane-lists,mkdocs/catalog: :trophy: A list of awesome MkDocs projects and plugins.,https://github.com/mkdocs/catalog
YAML metadata,https://github.com/sivakov512/python-markdown-full-yaml-metadata,mkdocs/catalog: :trophy: A list of awesome MkDocs projects and plugins.,https://github.com/mkdocs/catalog
,https://pypi.org/project/markdown-full-yaml-metadata,mkdocs/catalog: :trophy: A list of awesome MkDocs projects and plugins.,https://github.com/mkdocs/catalog
Markdown Inline Graphviz,https://github.com/cesaremorel/markdown-inline-graphviz,mkdocs/catalog: :trophy: A list of awesome MkDocs projects and plugins.,https://github.com/mkdocs/catalog
,https://pypi.org/project/markdown-inline-graphviz-extension,mkdocs/catalog: :trophy: A list of awesome MkDocs projects and plugins.,https://github.com/mkdocs/catalog
MarkdownSuperscript,https://github.com/jambonrose/markdown_superscript_extension,mkdocs/catalog: :trophy: A list of awesome MkDocs projects and plugins.,https://github.com/mkdocs/catalog
,https://pypi.org/project/MarkdownSuperscript,mkdocs/catalog: :trophy: A list of awesome MkDocs projects and plugins.,https://github.com/mkdocs/catalog
Markdown Checklist,https://github.com/FND/markdown-checklist,mkdocs/catalog: :trophy: A list of awesome MkDocs projects and plugins.,https://github.com/mkdocs/catalog
,https://pypi.org/project/markdown-checklist,mkdocs/catalog: :trophy: A list of awesome MkDocs projects and plugins.,https://github.com/mkdocs/catalog
MarkdownSubscript,https://github.com/jambonrose/markdown_subscript_extension,mkdocs/catalog: :trophy: A list of awesome MkDocs projects and plugins.,https://github.com/mkdocs/catalog
,https://pypi.org/project/MarkdownSubscript,mkdocs/catalog: :trophy: A list of awesome MkDocs projects and plugins.,https://github.com/mkdocs/catalog
markdown-katex,https://gitlab.com/mbarkhau/markdown-katex,mkdocs/catalog: :trophy: A list of awesome MkDocs projects and plugins.,https://github.com/mkdocs/catalog
,https://pypi.org/project/markdown-katex,mkdocs/catalog: :trophy: A list of awesome MkDocs projects and plugins.,https://github.com/mkdocs/catalog
Breakless Lists,https://github.com/adamb70/mdx-breakless-lists,mkdocs/catalog: :trophy: A list of awesome MkDocs projects and plugins.,https://github.com/mkdocs/catalog
,https://pypi.org/project/mdx-breakless-lists,mkdocs/catalog: :trophy: A list of awesome MkDocs projects and plugins.,https://github.com/mkdocs/catalog
caption,https://github.com/flywire/caption,mkdocs/catalog: :trophy: A list of awesome MkDocs projects and plugins.,https://github.com/mkdocs/catalog
❗️GPL-3.0,http://bit.ly/2M0xdwT,mkdocs/catalog: :trophy: A list of awesome MkDocs projects and plugins.,https://github.com/mkdocs/catalog
python-asciimathml,https://github.com/ShadowKyogre/python-asciimathml,mkdocs/catalog: :trophy: A list of awesome MkDocs projects and plugins.,https://github.com/mkdocs/catalog
,https://pypi.org/project/asciimathml,mkdocs/catalog: :trophy: A list of awesome MkDocs projects and plugins.,https://github.com/mkdocs/catalog
markdown-icons,https://github.com/MadLittleMods/markdown-icons,mkdocs/catalog: :trophy: A list of awesome MkDocs projects and plugins.,https://github.com/mkdocs/catalog
,https://pypi.org/project/markdown-iconfonts,mkdocs/catalog: :trophy: A list of awesome MkDocs projects and plugins.,https://github.com/mkdocs/catalog
markdown-emdash,https://github.com/czue/markdown-emdash,mkdocs/catalog: :trophy: A list of awesome MkDocs projects and plugins.,https://github.com/mkdocs/catalog
,https://pypi.org/project/markdown-emdash,mkdocs/catalog: :trophy: A list of awesome MkDocs projects and plugins.,https://github.com/mkdocs/catalog
Tweetable quotes,https://github.com/max-arnold/markdown-tweetable,mkdocs/catalog: :trophy: A list of awesome MkDocs projects and plugins.,https://github.com/mkdocs/catalog
,https://pypi.org/project/markdown-tweetable,mkdocs/catalog: :trophy: A list of awesome MkDocs projects and plugins.,https://github.com/mkdocs/catalog
HEARTBEATS Flavored Markdown,https://github.com/heartbeatsjp/markdown-extension-hbfm,mkdocs/catalog: :trophy: A list of awesome MkDocs projects and plugins.,https://github.com/mkdocs/catalog
,https://pypi.org/project/hbfm,mkdocs/catalog: :trophy: A list of awesome MkDocs projects and plugins.,https://github.com/mkdocs/catalog
mkpatcher,https://github.com/ofek/mkpatcher,mkdocs/catalog: :trophy: A list of awesome MkDocs projects and plugins.,https://github.com/mkdocs/catalog
,https://pypi.org/project/mkpatcher,mkdocs/catalog: :trophy: A list of awesome MkDocs projects and plugins.,https://github.com/mkdocs/catalog
KBD Extension,https://github.com/RickTalken/kbdextension,mkdocs/catalog: :trophy: A list of awesome MkDocs projects and plugins.,https://github.com/mkdocs/catalog
,https://pypi.org/project/kbdextension,mkdocs/catalog: :trophy: A list of awesome MkDocs projects and plugins.,https://github.com/mkdocs/catalog
markdown-del-ins,https://github.com/honzajavorek/markdown-del-ins,mkdocs/catalog: :trophy: A list of awesome MkDocs projects and plugins.,https://github.com/mkdocs/catalog
,https://pypi.org/project/markdown-del-ins,mkdocs/catalog: :trophy: A list of awesome MkDocs projects and plugins.,https://github.com/mkdocs/catalog
markdown_sub_sup,https://github.com/alberic89/markdown_sub_sup,mkdocs/catalog: :trophy: A list of awesome MkDocs projects and plugins.,https://github.com/mkdocs/catalog
,https://pypi.org/project/markdown-sub-sup,mkdocs/catalog: :trophy: A list of awesome MkDocs projects and plugins.,https://github.com/mkdocs/catalog
Markdown PyCon,https://github.com/pawamoy/markdown-pycon,mkdocs/catalog: :trophy: A list of awesome MkDocs projects and plugins.,https://github.com/mkdocs/catalog
Markdown Grid Tables,https://gitlab.com/WillDaSilva/markdown_grid_tables,mkdocs/catalog: :trophy: A list of awesome MkDocs projects and plugins.,https://github.com/mkdocs/catalog
https://python-markdown.github.io/,https://python-markdown.github.io/,mkdocs/catalog: :trophy: A list of awesome MkDocs projects and plugins.,https://github.com/mkdocs/catalog
,https://pypi.org/project/markdown-grid-tables,mkdocs/catalog: :trophy: A list of awesome MkDocs projects and plugins.,https://github.com/mkdocs/catalog
Semantic WikiLinks Extension,https://github.com/aleray/mdx_semanticwikilinks,mkdocs/catalog: :trophy: A list of awesome MkDocs projects and plugins.,https://github.com/mkdocs/catalog
,https://pypi.org/project/mdx-semanticwikilinks,mkdocs/catalog: :trophy: A list of awesome MkDocs projects and plugins.,https://github.com/mkdocs/catalog
Semantic Data Extension,https://github.com/aleray/mdx_semanticdata,mkdocs/catalog: :trophy: A list of awesome MkDocs projects and plugins.,https://github.com/mkdocs/catalog
,https://pypi.org/project/mdx-semanticdata,mkdocs/catalog: :trophy: A list of awesome MkDocs projects and plugins.,https://github.com/mkdocs/catalog
Cite Extension,https://github.com/aleray/mdx_cite,mkdocs/catalog: :trophy: A list of awesome MkDocs projects and plugins.,https://github.com/mkdocs/catalog
,https://pypi.org/project/mdx-cite,mkdocs/catalog: :trophy: A list of awesome MkDocs projects and plugins.,https://github.com/mkdocs/catalog
Django Static Image,https://pypi.org/project/markdown-djangostaticimage/,mkdocs/catalog: :trophy: A list of awesome MkDocs projects and plugins.,https://github.com/mkdocs/catalog
,https://pypi.org/project/markdown-djangostaticimage,mkdocs/catalog: :trophy: A list of awesome MkDocs projects and plugins.,https://github.com/mkdocs/catalog
,https://github.com/mkdocs/catalog#-navigation--page-building,mkdocs/catalog: :trophy: A list of awesome MkDocs projects and plugins.,https://github.com/mkdocs/catalog
awesome-nav,https://github.com/lukasgeiter/mkdocs-awesome-nav,mkdocs/catalog: :trophy: A list of awesome MkDocs projects and plugins.,https://github.com/mkdocs/catalog
,https://pypi.org/project/mkdocs-awesome-nav,mkdocs/catalog: :trophy: A list of awesome MkDocs projects and plugins.,https://github.com/mkdocs/catalog
encryptcontent,https://github.com/unverbuggt/mkdocs-encryptcontent-plugin,mkdocs/catalog: :trophy: A list of awesome MkDocs projects and plugins.,https://github.com/mkdocs/catalog
,https://pypi.org/project/mkdocs-encryptcontent-plugin,mkdocs/catalog: :trophy: A list of awesome MkDocs projects and plugins.,https://github.com/mkdocs/catalog
literate-nav,https://github.com/oprypin/mkdocs-literate-nav,mkdocs/catalog: :trophy: A list of awesome MkDocs projects and plugins.,https://github.com/mkdocs/catalog
,https://pypi.org/project/mkdocs-literate-nav,mkdocs/catalog: :trophy: A list of awesome MkDocs projects and plugins.,https://github.com/mkdocs/catalog
mkdocs-simple-hooks,https://github.com/aklajnert/mkdocs-simple-hooks,mkdocs/catalog: :trophy: A list of awesome MkDocs projects and plugins.,https://github.com/mkdocs/catalog
,https://pypi.org/project/mkdocs-simple-hooks,mkdocs/catalog: :trophy: A list of awesome MkDocs projects and plugins.,https://github.com/mkdocs/catalog
exclude,https://github.com/apenwarr/mkdocs-exclude,mkdocs/catalog: :trophy: A list of awesome MkDocs projects and plugins.,https://github.com/mkdocs/catalog
,https://pypi.org/project/mkdocs-exclude,mkdocs/catalog: :trophy: A list of awesome MkDocs projects and plugins.,https://github.com/mkdocs/catalog
mkdocs-nav-weight,https://github.com/shu307/mkdocs-nav-weight,mkdocs/catalog: :trophy: A list of awesome MkDocs projects and plugins.,https://github.com/mkdocs/catalog
,https://pypi.org/project/mkdocs-nav-weight,mkdocs/catalog: :trophy: A list of awesome MkDocs projects and plugins.,https://github.com/mkdocs/catalog
section-index,https://github.com/oprypin/mkdocs-section-index,mkdocs/catalog: :trophy: A list of awesome MkDocs projects and plugins.,https://github.com/mkdocs/catalog
,https://pypi.org/project/mkdocs-section-index,mkdocs/catalog: :trophy: A list of awesome MkDocs projects and plugins.,https://github.com/mkdocs/catalog
mkdocs-gallery,https://github.com/smarie/mkdocs-gallery,mkdocs/catalog: :trophy: A list of awesome MkDocs projects and plugins.,https://github.com/mkdocs/catalog
,https://pypi.org/project/mkdocs-gallery,mkdocs/catalog: :trophy: A list of awesome MkDocs projects and plugins.,https://github.com/mkdocs/catalog
mkdocs-pagetree-plugin,https://github.com/tombreit/mkdocs-pagetree-plugin,mkdocs/catalog: :trophy: A list of awesome MkDocs projects and plugins.,https://github.com/mkdocs/catalog
,https://pypi.org/project/mkdocs-pagetree-plugin,mkdocs/catalog: :trophy: A list of awesome MkDocs projects and plugins.,https://github.com/mkdocs/catalog
mkdocs-live-edit-plugin,https://github.com/EddyLuten/mkdocs-live-edit-plugin,mkdocs/catalog: :trophy: A list of awesome MkDocs projects and plugins.,https://github.com/mkdocs/catalog
,https://pypi.org/project/mkdocs-live-edit-plugin,mkdocs/catalog: :trophy: A list of awesome MkDocs projects and plugins.,https://github.com/mkdocs/catalog
file-filter,https://github.com/DariuszPorowski/mkdocs-file-filter-plugin,mkdocs/catalog: :trophy: A list of awesome MkDocs projects and plugins.,https://github.com/mkdocs/catalog
,https://pypi.org/project/mkdocs-file-filter-plugin,mkdocs/catalog: :trophy: A list of awesome MkDocs projects and plugins.,https://github.com/mkdocs/catalog
mkdocs-categories-plugin,https://github.com/EddyLuten/mkdocs-categories-plugin,mkdocs/catalog: :trophy: A list of awesome MkDocs projects and plugins.,https://github.com/mkdocs/catalog
,https://pypi.org/project/mkdocs-categories-plugin,mkdocs/catalog: :trophy: A list of awesome MkDocs projects and plugins.,https://github.com/mkdocs/catalog
mkdocs-breadcrumbs-plugin,https://github.com/mihaigalos/mkdocs-breadcrumbs-plugin,mkdocs/catalog: :trophy: A list of awesome MkDocs projects and plugins.,https://github.com/mkdocs/catalog
,https://pypi.org/project/mkdocs-breadcrumbs-plugin,mkdocs/catalog: :trophy: A list of awesome MkDocs projects and plugins.,https://github.com/mkdocs/catalog
MkRefs,https://github.com/DerwenAI/mkrefs,mkdocs/catalog: :trophy: A list of awesome MkDocs projects and plugins.,https://github.com/mkdocs/catalog
,https://pypi.org/project/mkrefs,mkdocs/catalog: :trophy: A list of awesome MkDocs projects and plugins.,https://github.com/mkdocs/catalog
include directory to navigation,https://github.com/mysiki/mkdocs_include_dir_to_nav,mkdocs/catalog: :trophy: A list of awesome MkDocs projects and plugins.,https://github.com/mkdocs/catalog
,https://pypi.org/project/mkdocs-include-dir-to-nav,mkdocs/catalog: :trophy: A list of awesome MkDocs projects and plugins.,https://github.com/mkdocs/catalog
toc-sidebar,https://github.com/zachhannum/mkdocs-toc-sidebar-plugin,mkdocs/catalog: :trophy: A list of awesome MkDocs projects and plugins.,https://github.com/mkdocs/catalog
,https://pypi.org/project/mkdocs-toc-sidebar-plugin,mkdocs/catalog: :trophy: A list of awesome MkDocs projects and plugins.,https://github.com/mkdocs/catalog
vim-md-tags,https://github.com/zachhannum/mkdocs-vim-md-tags-plugin,mkdocs/catalog: :trophy: A list of awesome MkDocs projects and plugins.,https://github.com/mkdocs/catalog
,https://pypi.org/project/mkdocs-vim-md-tags-plugin,mkdocs/catalog: :trophy: A list of awesome MkDocs projects and plugins.,https://github.com/mkdocs/catalog
mkdocs-nav-enhancements,https://github.com/Rylon/mkdocs-nav-enhancements,mkdocs/catalog: :trophy: A list of awesome MkDocs projects and plugins.,https://github.com/mkdocs/catalog
,https://pypi.org/project/mkdocs-nav-enhancements,mkdocs/catalog: :trophy: A list of awesome MkDocs projects and plugins.,https://github.com/mkdocs/catalog
authors,https://github.com/thomaszwagerman/mkdocs-authors-plugin,mkdocs/catalog: :trophy: A list of awesome MkDocs projects and plugins.,https://github.com/mkdocs/catalog
,https://pypi.org/project/mkdocs-authors-plugin,mkdocs/catalog: :trophy: A list of awesome MkDocs projects and plugins.,https://github.com/mkdocs/catalog
schema-reader,https://github.com/magicaljellybeans/mkdocs_schema_reader,mkdocs/catalog: :trophy: A list of awesome MkDocs projects and plugins.,https://github.com/mkdocs/catalog
,https://pypi.org/project/mkdocs-schema-reader,mkdocs/catalog: :trophy: A list of awesome MkDocs projects and plugins.,https://github.com/mkdocs/catalog
mkdocs-title-casing-plugin,https://github.com/mattchristopher314/mkdocs-title-casing-plugin,mkdocs/catalog: :trophy: A list of awesome MkDocs projects and plugins.,https://github.com/mkdocs/catalog
,https://pypi.org/project/mkdocs-title-casing-plugin,mkdocs/catalog: :trophy: A list of awesome MkDocs projects and plugins.,https://github.com/mkdocs/catalog
select-files,https://github.com/supcik/mkdocs-select-files,mkdocs/catalog: :trophy: A list of awesome MkDocs projects and plugins.,https://github.com/mkdocs/catalog
,https://pypi.org/project/mkdocs-select-files,mkdocs/catalog: :trophy: A list of awesome MkDocs projects and plugins.,https://github.com/mkdocs/catalog
awesome-list,https://github.com/carlosperate/mkdocs-awesome-list-plugin,mkdocs/catalog: :trophy: A list of awesome MkDocs projects and plugins.,https://github.com/mkdocs/catalog
SWAN Gallery,https://github.com/swan-cern/mkdocs-swangallery,mkdocs/catalog: :trophy: A list of awesome MkDocs projects and plugins.,https://github.com/mkdocs/catalog
,https://pypi.org/project/mkdocs-swangallery,mkdocs/catalog: :trophy: A list of awesome MkDocs projects and plugins.,https://github.com/mkdocs/catalog
mkdocs-navsorted-plugin,https://github.com/idlesign/mkdocs-navsorted-plugin,mkdocs/catalog: :trophy: A list of awesome MkDocs projects and plugins.,https://github.com/mkdocs/catalog
,https://pypi.org/project/mkdocs-navsorted-plugin,mkdocs/catalog: :trophy: A list of awesome MkDocs projects and plugins.,https://github.com/mkdocs/catalog
MkDocs Remove Sections Plugin,https://github.com/six-two/mkdocs-remove-sections-plugin,mkdocs/catalog: :trophy: A list of awesome MkDocs projects and plugins.,https://github.com/mkdocs/catalog
,https://pypi.org/project/mkdocs-remove-sections-plugin,mkdocs/catalog: :trophy: A list of awesome MkDocs projects and plugins.,https://github.com/mkdocs/catalog
pagenav-generator,https://github.com/Andre601/mkdocs-pagenav-generator,mkdocs/catalog: :trophy: A list of awesome MkDocs projects and plugins.,https://github.com/mkdocs/catalog
,https://github.com/mkdocs/catalog#-quality-checks-code-blocks-spelling-etc,mkdocs/catalog: :trophy: A list of awesome MkDocs projects and plugins.,https://github.com/mkdocs/catalog
mkdocs-spellcheck,https://github.com/pawamoy/mkdocs-spellcheck,mkdocs/catalog: :trophy: A list of awesome MkDocs projects and plugins.,https://github.com/mkdocs/catalog
,https://pypi.org/project/mkdocs-spellcheck,mkdocs/catalog: :trophy: A list of awesome MkDocs projects and plugins.,https://github.com/mkdocs/catalog
mktestdocs,https://github.com/koaning/mktestdocs,mkdocs/catalog: :trophy: A list of awesome MkDocs projects and plugins.,https://github.com/mkdocs/catalog
,https://pypi.org/project/mktestdocs,mkdocs/catalog: :trophy: A list of awesome MkDocs projects and plugins.,https://github.com/mkdocs/catalog
Link Checker,https://github.com/byrnereese/linkchecker-mkdocs,mkdocs/catalog: :trophy: A list of awesome MkDocs projects and plugins.,https://github.com/mkdocs/catalog
,https://pypi.org/project/mkdocs-linkcheck,mkdocs/catalog: :trophy: A list of awesome MkDocs projects and plugins.,https://github.com/mkdocs/catalog
mkdocs-code-validator,https://github.com/oprypin/mkdocs-code-validator,mkdocs/catalog: :trophy: A list of awesome MkDocs projects and plugins.,https://github.com/mkdocs/catalog
,https://pypi.org/project/mkdocs-code-validator,mkdocs/catalog: :trophy: A list of awesome MkDocs projects and plugins.,https://github.com/mkdocs/catalog
MkDocs-Test,https://github.com/fralau/mkdocs-test,mkdocs/catalog: :trophy: A list of awesome MkDocs projects and plugins.,https://github.com/mkdocs/catalog
mkdocs-codecheck,https://github.com/byrnereese/codechecker-mkdocs,mkdocs/catalog: :trophy: A list of awesome MkDocs projects and plugins.,https://github.com/mkdocs/catalog
,https://pypi.org/project/mkdocs-codecheck,mkdocs/catalog: :trophy: A list of awesome MkDocs projects and plugins.,https://github.com/mkdocs/catalog
,https://github.com/mkdocs/catalog#-search--tables-of-content,mkdocs/catalog: :trophy: A list of awesome MkDocs projects and plugins.,https://github.com/mkdocs/catalog
localsearch,https://github.com/wilhelmer/mkdocs-localsearch,mkdocs/catalog: :trophy: A list of awesome MkDocs projects and plugins.,https://github.com/mkdocs/catalog
,https://pypi.org/project/mkdocs-localsearch,mkdocs/catalog: :trophy: A list of awesome MkDocs projects and plugins.,https://github.com/mkdocs/catalog
exclude-search,https://github.com/chrieke/mkdocs-exclude-search,mkdocs/catalog: :trophy: A list of awesome MkDocs projects and plugins.,https://github.com/mkdocs/catalog
,https://pypi.org/project/mkdocs-exclude-search,mkdocs/catalog: :trophy: A list of awesome MkDocs projects and plugins.,https://github.com/mkdocs/catalog
tags,https://github.com/jldiaz/mkdocs-plugin-tags,mkdocs/catalog: :trophy: A list of awesome MkDocs projects and plugins.,https://github.com/mkdocs/catalog
,https://pypi.org/project/mkdocs-plugin-tags,mkdocs/catalog: :trophy: A list of awesome MkDocs projects and plugins.,https://github.com/mkdocs/catalog
extract listings,https://github.com/six-two/mkdocs-extract-listings-plugin,mkdocs/catalog: :trophy: A list of awesome MkDocs projects and plugins.,https://github.com/mkdocs/catalog
,https://pypi.org/project/mkdocs-extract-listings-plugin,mkdocs/catalog: :trophy: A list of awesome MkDocs projects and plugins.,https://github.com/mkdocs/catalog
mkdocs-task-collector,https://github.com/costantinoai/mkdocs-task-collector,mkdocs/catalog: :trophy: A list of awesome MkDocs projects and plugins.,https://github.com/mkdocs/catalog
,https://pypi.org/project/mkdocs-task-collector,mkdocs/catalog: :trophy: A list of awesome MkDocs projects and plugins.,https://github.com/mkdocs/catalog
,https://github.com/mkdocs/catalog#-site-conversion-pdfepubetc,mkdocs/catalog: :trophy: A list of awesome MkDocs projects and plugins.,https://github.com/mkdocs/catalog
mkdocs-with-pdf,https://github.com/orzih/mkdocs-with-pdf,mkdocs/catalog: :trophy: A list of awesome MkDocs projects and plugins.,https://github.com/mkdocs/catalog
,https://pypi.org/project/mkdocs-with-pdf,mkdocs/catalog: :trophy: A list of awesome MkDocs projects and plugins.,https://github.com/mkdocs/catalog
pdf-export,https://github.com/zhaoterryy/mkdocs-pdf-export-plugin,mkdocs/catalog: :trophy: A list of awesome MkDocs projects and plugins.,https://github.com/mkdocs/catalog
,https://pypi.org/project/mkdocs-pdf-export-plugin,mkdocs/catalog: :trophy: A list of awesome MkDocs projects and plugins.,https://github.com/mkdocs/catalog
print-site,https://github.com/timvink/mkdocs-print-site-plugin,mkdocs/catalog: :trophy: A list of awesome MkDocs projects and plugins.,https://github.com/mkdocs/catalog
,https://pypi.org/project/mkdocs-print-site-plugin,mkdocs/catalog: :trophy: A list of awesome MkDocs projects and plugins.,https://github.com/mkdocs/catalog
mkdocs-exporter,https://github.com/adrienbrignon/mkdocs-exporter,mkdocs/catalog: :trophy: A list of awesome MkDocs projects and plugins.,https://github.com/mkdocs/catalog
,https://pypi.org/project/mkdocs-exporter,mkdocs/catalog: :trophy: A list of awesome MkDocs projects and plugins.,https://github.com/mkdocs/catalog
mkpdfs,https://github.com/comwes/mkpdfs-mkdocs-plugin,mkdocs/catalog: :trophy: A list of awesome MkDocs projects and plugins.,https://github.com/mkdocs/catalog
,https://pypi.org/project/mkpdfs-mkdocs,mkdocs/catalog: :trophy: A list of awesome MkDocs projects and plugins.,https://github.com/mkdocs/catalog
mkdocs-pandoc,https://github.com/jgrassler/mkdocs-pandoc,mkdocs/catalog: :trophy: A list of awesome MkDocs projects and plugins.,https://github.com/mkdocs/catalog
,https://pypi.org/project/mkdocs-pandoc,mkdocs/catalog: :trophy: A list of awesome MkDocs projects and plugins.,https://github.com/mkdocs/catalog
pdf-with-js,https://github.com/smaxtec/mkdocs-pdf-with-js-plugin,mkdocs/catalog: :trophy: A list of awesome MkDocs projects and plugins.,https://github.com/mkdocs/catalog
,https://pypi.org/project/mkdocs-pdf-with-js-plugin,mkdocs/catalog: :trophy: A list of awesome MkDocs projects and plugins.,https://github.com/mkdocs/catalog
mk2pdf-export,https://github.com/HaoLiuHust/mkdocs-mk2pdf-plugin,mkdocs/catalog: :trophy: A list of awesome MkDocs projects and plugins.,https://github.com/mkdocs/catalog
https://github.com/zhaoterryy/mkdocs-pdf-export-plugin/,https://github.com/zhaoterryy/mkdocs-pdf-export-plugin/,mkdocs/catalog: :trophy: A list of awesome MkDocs projects and plugins.,https://github.com/mkdocs/catalog
,https://pypi.org/project/mkdocs-mk2pdf-plugin,mkdocs/catalog: :trophy: A list of awesome MkDocs projects and plugins.,https://github.com/mkdocs/catalog
mkdocs-zip-folders,https://github.com/JakubAndrysek/mkdocs-zip-folders,mkdocs/catalog: :trophy: A list of awesome MkDocs projects and plugins.,https://github.com/mkdocs/catalog
,https://pypi.org/project/mkdocs-zip-folders,mkdocs/catalog: :trophy: A list of awesome MkDocs projects and plugins.,https://github.com/mkdocs/catalog
helm,https://github.com/M00nF1sh/mkdocs-helm,mkdocs/catalog: :trophy: A list of awesome MkDocs projects and plugins.,https://github.com/mkdocs/catalog
,https://pypi.org/project/mkdocs-helm,mkdocs/catalog: :trophy: A list of awesome MkDocs projects and plugins.,https://github.com/mkdocs/catalog
mkdocs-autozip,https://github.com/martinohanlon/mkdocs_autozip,mkdocs/catalog: :trophy: A list of awesome MkDocs projects and plugins.,https://github.com/mkdocs/catalog
,https://pypi.org/project/mkdocs-autozip,mkdocs/catalog: :trophy: A list of awesome MkDocs projects and plugins.,https://github.com/mkdocs/catalog
,https://github.com/mkdocs/catalog#-site-building-site-management,mkdocs/catalog: :trophy: A list of awesome MkDocs projects and plugins.,https://github.com/mkdocs/catalog
mike,https://github.com/jimporter/mike,mkdocs/catalog: :trophy: A list of awesome MkDocs projects and plugins.,https://github.com/mkdocs/catalog
BSD-3,http://bit.ly/3aKzpTv,mkdocs/catalog: :trophy: A list of awesome MkDocs projects and plugins.,https://github.com/mkdocs/catalog
,https://pypi.org/project/mike,mkdocs/catalog: :trophy: A list of awesome MkDocs projects and plugins.,https://github.com/mkdocs/catalog
techdocs-core,https://github.com/backstage/mkdocs-techdocs-core,mkdocs/catalog: :trophy: A list of awesome MkDocs projects and plugins.,https://github.com/mkdocs/catalog
,https://pypi.org/project/mkdocs-techdocs-core,mkdocs/catalog: :trophy: A list of awesome MkDocs projects and plugins.,https://github.com/mkdocs/catalog
monorepo,https://github.com/backstage/mkdocs-monorepo-plugin,mkdocs/catalog: :trophy: A list of awesome MkDocs projects and plugins.,https://github.com/mkdocs/catalog
,https://pypi.org/project/mkdocs-monorepo-plugin,mkdocs/catalog: :trophy: A list of awesome MkDocs projects and plugins.,https://github.com/mkdocs/catalog
mkdocs-multirepo-plugin,https://github.com/jdoiro3/mkdocs-multirepo-plugin,mkdocs/catalog: :trophy: A list of awesome MkDocs projects and plugins.,https://github.com/mkdocs/catalog
,https://pypi.org/project/mkdocs-multirepo-plugin,mkdocs/catalog: :trophy: A list of awesome MkDocs projects and plugins.,https://github.com/mkdocs/catalog
simple,https://github.com/athackst/mkdocs-simple-plugin,mkdocs/catalog: :trophy: A list of awesome MkDocs projects and plugins.,https://github.com/mkdocs/catalog
,https://pypi.org/project/mkdocs-simple-plugin,mkdocs/catalog: :trophy: A list of awesome MkDocs projects and plugins.,https://github.com/mkdocs/catalog
markdown-docs,https://github.com/ldeluigi/markdown-docs,mkdocs/catalog: :trophy: A list of awesome MkDocs projects and plugins.,https://github.com/mkdocs/catalog
,https://hub.docker.com/r/deloo/markdown-docs,mkdocs/catalog: :trophy: A list of awesome MkDocs projects and plugins.,https://github.com/mkdocs/catalog
mkdocs-versioning,https://github.com/zayd62/mkdocs-versioning,mkdocs/catalog: :trophy: A list of awesome MkDocs projects and plugins.,https://github.com/mkdocs/catalog
,https://pypi.org/project/mkdocs-versioning,mkdocs/catalog: :trophy: A list of awesome MkDocs projects and plugins.,https://github.com/mkdocs/catalog
same-dir,https://github.com/oprypin/mkdocs-same-dir,mkdocs/catalog: :trophy: A list of awesome MkDocs projects and plugins.,https://github.com/mkdocs/catalog
,https://pypi.org/project/mkdocs-same-dir,mkdocs/catalog: :trophy: A list of awesome MkDocs projects and plugins.,https://github.com/mkdocs/catalog
MkDocs Merge,https://github.com/ovasquez/mkdocs-merge,mkdocs/catalog: :trophy: A list of awesome MkDocs projects and plugins.,https://github.com/mkdocs/catalog
,https://pypi.org/project/mkdocs-merge,mkdocs/catalog: :trophy: A list of awesome MkDocs projects and plugins.,https://github.com/mkdocs/catalog
mkdocs-exclude-unused-files,https://github.com/JonasDoesThings/mkdocs-exclude-unused-files,mkdocs/catalog: :trophy: A list of awesome MkDocs projects and plugins.,https://github.com/mkdocs/catalog
,https://pypi.org/project/mkdocs-exclude-unused-files,mkdocs/catalog: :trophy: A list of awesome MkDocs projects and plugins.,https://github.com/mkdocs/catalog
multirepo,https://github.com/wilhelmer/mkdocs-multirepo,mkdocs/catalog: :trophy: A list of awesome MkDocs projects and plugins.,https://github.com/mkdocs/catalog
,https://pypi.org/project/mkdocs-multirepo,mkdocs/catalog: :trophy: A list of awesome MkDocs projects and plugins.,https://github.com/mkdocs/catalog
mkdocs-note,https://github.com/virtualguard101/mkdocs-note,mkdocs/catalog: :trophy: A list of awesome MkDocs projects and plugins.,https://github.com/mkdocs/catalog
,https://pypi.org/project/mkdocs-note,mkdocs/catalog: :trophy: A list of awesome MkDocs projects and plugins.,https://github.com/mkdocs/catalog
mkdocs-yamp,https://github.com/boozallen/mkdocs-yamp-plugin,mkdocs/catalog: :trophy: A list of awesome MkDocs projects and plugins.,https://github.com/mkdocs/catalog
,https://pypi.org/project/mkdocs-yamp,mkdocs/catalog: :trophy: A list of awesome MkDocs projects and plugins.,https://github.com/mkdocs/catalog
mkdocs-auto-refresh-build-pages,https://github.com/JakubAndrysek/mkdocs-auto-refresh-build-pages,mkdocs/catalog: :trophy: A list of awesome MkDocs projects and plugins.,https://github.com/mkdocs/catalog
,https://pypi.org/project/mkdocs-auto-refresh-build-pages,mkdocs/catalog: :trophy: A list of awesome MkDocs projects and plugins.,https://github.com/mkdocs/catalog
mkdocs-exclude-tagged-files,https://github.com/JonasDoesThings/mkdocs-exclude-tagged-files,mkdocs/catalog: :trophy: A list of awesome MkDocs projects and plugins.,https://github.com/mkdocs/catalog
,https://pypi.org/project/mkdocs-exclude-tagged-files,mkdocs/catalog: :trophy: A list of awesome MkDocs projects and plugins.,https://github.com/mkdocs/catalog
mkdocs-required-frontmatter-plugin,https://github.com/unmc-vcr/mkdocs-required-frontmatter-plugin,mkdocs/catalog: :trophy: A list of awesome MkDocs projects and plugins.,https://github.com/mkdocs/catalog
,https://pypi.org/project/mkdocs-required-frontmatter-plugin,mkdocs/catalog: :trophy: A list of awesome MkDocs projects and plugins.,https://github.com/mkdocs/catalog
no-sitemap,https://github.com/leonardehrenfried/mkdocs-no-sitemap-plugin,mkdocs/catalog: :trophy: A list of awesome MkDocs projects and plugins.,https://github.com/mkdocs/catalog
,https://pypi.org/project/mkdocs-no-sitemap-plugin,mkdocs/catalog: :trophy: A list of awesome MkDocs projects and plugins.,https://github.com/mkdocs/catalog
progress,https://github.com/RDIL/mkdocs-plugin-progress,mkdocs/catalog: :trophy: A list of awesome MkDocs projects and plugins.,https://github.com/mkdocs/catalog
mkdocs-new-features-notifier,https://github.com/kevin-411/mkdocs-new-features-notifier,mkdocs/catalog: :trophy: A list of awesome MkDocs projects and plugins.,https://github.com/mkdocs/catalog
,https://pypi.org/project/mkdocs-new-features-notifier,mkdocs/catalog: :trophy: A list of awesome MkDocs projects and plugins.,https://github.com/mkdocs/catalog
multiple,https://github.com/experimaestro/mkdocs-multiple,mkdocs/catalog: :trophy: A list of awesome MkDocs projects and plugins.,https://github.com/mkdocs/catalog
,https://pypi.org/project/mkdocs-multiple,mkdocs/catalog: :trophy: A list of awesome MkDocs projects and plugins.,https://github.com/mkdocs/catalog
octadocs-adr,https://github.com/octadocs/octadocs-adr,mkdocs/catalog: :trophy: A list of awesome MkDocs projects and plugins.,https://github.com/mkdocs/catalog
,https://pypi.org/project/octadocs-adr,mkdocs/catalog: :trophy: A list of awesome MkDocs projects and plugins.,https://github.com/mkdocs/catalog
,https://github.com/mkdocs/catalog#-snippets--includes-reusing-contents,mkdocs/catalog: :trophy: A list of awesome MkDocs projects and plugins.,https://github.com/mkdocs/catalog
include-markdown,https://github.com/mondeja/mkdocs-include-markdown-plugin,mkdocs/catalog: :trophy: A list of awesome MkDocs projects and plugins.,https://github.com/mkdocs/catalog
,https://pypi.org/project/mkdocs-include-markdown-plugin,mkdocs/catalog: :trophy: A list of awesome MkDocs projects and plugins.,https://github.com/mkdocs/catalog
Markdown-Include,https://github.com/cmacmackin/markdown-include,mkdocs/catalog: :trophy: A list of awesome MkDocs projects and plugins.,https://github.com/mkdocs/catalog
,https://pypi.org/project/markdown-include,mkdocs/catalog: :trophy: A list of awesome MkDocs projects and plugins.,https://github.com/mkdocs/catalog
meta-descriptions,https://github.com/prcr/mkdocs-meta-descriptions-plugin,mkdocs/catalog: :trophy: A list of awesome MkDocs projects and plugins.,https://github.com/mkdocs/catalog
,https://pypi.org/project/mkdocs-meta-descriptions-plugin,mkdocs/catalog: :trophy: A list of awesome MkDocs projects and plugins.,https://github.com/mkdocs/catalog
codeinclude,https://github.com/rnorth/mkdocs-codeinclude-plugin,mkdocs/catalog: :trophy: A list of awesome MkDocs projects and plugins.,https://github.com/mkdocs/catalog
,https://pypi.org/project/mkdocs-codeinclude-plugin,mkdocs/catalog: :trophy: A list of awesome MkDocs projects and plugins.,https://github.com/mkdocs/catalog
mkdocs-embed-external-markdown,https://github.com/fire1ce/mkdocs-embed-external-markdown,mkdocs/catalog: :trophy: A list of awesome MkDocs projects and plugins.,https://github.com/mkdocs/catalog
,https://pypi.org/project/mkdocs-embed-external-markdown,mkdocs/catalog: :trophy: A list of awesome MkDocs projects and plugins.,https://github.com/mkdocs/catalog
markdown-version-annotations,https://github.com/glennmatthews/markdown-version-annotations,mkdocs/catalog: :trophy: A list of awesome MkDocs projects and plugins.,https://github.com/mkdocs/catalog
,https://pypi.org/project/markdown-version-annotations,mkdocs/catalog: :trophy: A list of awesome MkDocs projects and plugins.,https://github.com/mkdocs/catalog
Mdx Include,https://github.com/neurobin/mdx_include,mkdocs/catalog: :trophy: A list of awesome MkDocs projects and plugins.,https://github.com/mkdocs/catalog
,https://pypi.org/project/mdx-include,mkdocs/catalog: :trophy: A list of awesome MkDocs projects and plugins.,https://github.com/mkdocs/catalog
snippet,https://github.com/mprivat/mkdocs-snippet-plugin,mkdocs/catalog: :trophy: A list of awesome MkDocs projects and plugins.,https://github.com/mkdocs/catalog
,https://pypi.org/project/mkdocs-snippet-plugin,mkdocs/catalog: :trophy: A list of awesome MkDocs projects and plugins.,https://github.com/mkdocs/catalog
git snippet,https://github.com/samcomi/mkdocs-gitsnippet-plugin,mkdocs/catalog: :trophy: A list of awesome MkDocs projects and plugins.,https://github.com/mkdocs/catalog
,https://pypi.org/project/mkdocs-gitsnippet-plugin,mkdocs/catalog: :trophy: A list of awesome MkDocs projects and plugins.,https://github.com/mkdocs/catalog